symbol,datetime,date,time,exchtime,localtime,last_prc,status,prev_close,open,high,low,high_limited,low_limited,volume,turnover,num_trades,weighted_ask_prc,weighted_bid_prc,total_ask_vol,total_bid_vol,ask_prc1,ask_vol1,bid_prc1,bid_vol1,ask_prc2,ask_vol2,bid_prc2,bid_vol2,ask_prc3,ask_vol3,bid_prc3,bid_vol3,ask_prc4,ask_vol4,bid_prc4,bid_vol4,ask_prc5,ask_vol5,bid_prc5,bid_vol5,ask_prc6,ask_vol6,bid_prc6,bid_vol6,ask_prc7,ask_vol7,bid_prc7,bid_vol7,ask_prc8,ask_vol8,bid_prc8,bid_vol8,ask_prc9,ask_vol9,bid_prc9,bid_vol9,ask_prc10,ask_vol10,bid_prc10,bid_vol10,num
000001,2017-01-05 09:30:00,20170105,093000000,1483608600000000,1483608600000975,10.03,84,9.95,10.03,10.04,10.03,10.95,8.96,53278,534232.71,95,10.09,9.97,55712,55054,10.04,5340,10.02,2269,10.05,4433,10.01,7640,10.06,5600,10.0,9254,10.07,2090,9.99,7140,10.08,5879,9.98,4538,10.09,5093,9.97,3039,10.1,4726,9.96,3728,10.11,9014,9.95,6351,10.12,8451,9.94,4709,10.13,5086,9.93,6386,0
000001,2017-01-05 09:30:28,20170105,093028000,1483608628000000,1483608628000655,10.03,84,9.95,10.03,10.04,10.02,10.95,8.96,84823,850590.07,142,10.08,9.97,54555,57361,10.04,8498,10.02,1143,10.05,5051,10.01,5574,10.06,8511,10.0,5291,10.07,3471,9.99,9046,10.08,9066,9.98,9849,10.09,1962,9.97,8232,10.1,9244,9.96,1447,10.11,1243,9.95,6464,10.12,5874,9.94,2546,10.13,1635,9.93,7769,0
000001,2017-01-05 09:30:57,20170105,093057000,1483608657000000,1483608656999230,10.06,84,9.95,10.06,10.07,10.05,10.95,8.96,181486,1822960.81,179,10.12,10.01,75445,45960,10.07,7863,10.05,7385,10.08,2300,10.04,2066,10.09,8956,10.03,6402,10.1,3976,10.02,5705,10.11,9594,10.01,3512,10.12,9600,10.0,5902,10.13,7831,9.99,2158,10.14,9698,9.98,3153,10.15,6742,9.97,8082,10.16,8885,9.96,1595,0
000001,2017-01-05 09:31:26,20170105,093126000,1483608686000000,1483608686000874,10.05,84,9.95,10.05,10.05,10.04,10.95,8.96,263434,2646252.38,266,10.1,9.99,50005,58803,10.06,8723,10.04,2020,10.07,3738,10.03,7229,10.08,1099,10.02,8959,10.09,6576,10.01,8259,10.1,1623,10.0,3722,10.11,3988,9.99,3028,10.12,9503,9.98,5616,10.13,7880,9.97,6577,10.14,3135,9.96,9618,10.15,3740,9.95,3775,0
000001,2017-01-05 09:31:55,20170105,093155000,1483608715000000,1483608715000709,10.06,84,9.95,10.06,10.06,10.05,10.95,8.96,302745,3041576.44,317,10.11,10.01,59186,63093,10.07,7947,10.05,9782,10.08,1892,10.04,4245,10.09,9375,10.03,9533,10.1,1427,10.02,7414,10.11,5287,10.01,8176,10.12,7189,10.0,4202,10.13,7085,9.99,1349,10.14,7238,9.98,8325,10.15,6708,9.97,3463,10.16,5038,9.96,6604,0
000001,2017-01-05 09:32:24,20170105,093224000,1483608744000000,1483608744000240,10.11,84,9.95,10.11,10.14,10.1,10.95,8.96,394897,3973180.53,415,10.17,10.05,42205,69570,10.12,7169,10.1,6997,10.13,3097,10.09,5191,10.14,1723,10.08,8209,10.15,6728,10.07,6487,10.16,3212,10.06,3079,10.17,2544,10.05,9455,10.18,1734,10.04,6036,10.19,1790,10.03,9553,10.2,4663,10.02,6289,10.21,9545,10.01,8274,0
000001,2017-01-05 09:32:52,20170105,093252000,1483608772000000,1483608771999708,10.11,84,9.95,10.11,10.11,10.1,10.95,8.96,431385,4342077.73,497,10.16,10.06,70737,59384,10.12,9873,10.1,9991,10.13,8329,10.09,3531,10.14,6738,10.08,6175,10.15,9412,10.07,3012,10.16,2463,10.06,9089,10.17,9772,10.05,3893,10.18,2831,10.04,7292,10.19,2061,10.03,5091,10.2,9288,10.02,3216,10.21,9970,10.01,8094,0
000001,2017-01-05 09:33:21,20170105,093321000,1483608801000000,1483608801000912,10.14,84,9.95,10.14,10.16,10.13,10.95,8.96,498762,5025330.32,587,10.19,10.09,48864,59261,10.15,9079,10.13,8666,10.16,5075,10.12,6725,10.17,3658,10.11,9658,10.18,9360,10.1,6966,10.19,1052,10.09,2801,10.2,3208,10.08,2606,10.21,2109,10.07,9466,10.22,4696,10.06,2485,10.23,7578,10.05,7253,10.24,3049,10.04,2635,0
000001,2017-01-05 09:33:50,20170105,093350000,1483608830000000,1483608830000337,10.16,84,9.95,10.16,10.17,10.15,10.95,8.96,579275,5842979.22,630,10.2,10.1,41139,42914,10.17,8437,10.15,2715,10.18,7661,10.14,5651,10.19,1102,10.13,3108,10.2,7058,10.12,5398,10.21,1231,10.11,3142,10.22,1230,10.1,4521,10.23,4070,10.09,3413,10.24,1977,10.08,4686,10.25,2589,10.07,5972,10.26,5784,10.06,4308,0
000001,2017-01-05 09:34:19,20170105,093419000,1483608859000000,1483608859000047,10.15,84,9.95,10.15,10.17,10.15,10.95,8.96,631179,6370021.23,712,10.22,10.1,32100,58574,10.16,1061,10.14,9751,10.17,1157,10.13,7140,10.18,1988,10.12,6337,10.19,2325,10.11,4034,10.2,2999,10.1,6974,10.21,8846,10.09,3113,10.22,1818,10.08,1985,10.23,4424,10.07,7599,10.24,4341,10.06,6878,10.25,3141,10.05,4763,0
000001,2017-01-05 09:34:48,20170105,093448000,1483608888000000,1483608888000498,10.17,84,9.95,10.17,10.17,10.16,10.95,8.96,714695,7219036.39,795,10.23,10.11,52378,67601,10.18,2845,10.16,5583,10.19,3164,10.15,8943,10.2,4743,10.14,4058,10.21,4781,10.13,9448,10.22,6165,10.12,3697,10.23,5076,10.11,6446,10.24,7758,10.1,6031,10.25,6337,10.09,7278,10.26,2303,10.08,9852,10.27,9206,10.07,6265,0
000001,2017-01-05 09:35:16,20170105,093516000,1483608916000000,1483608915999997,10.18,84,9.95,10.18,10.18,10.17,10.95,8.96,739659,7473071.1,891,10.23,10.12,54207,64803,10.19,2560,10.17,3796,10.2,5341,10.16,6729,10.21,7495,10.15,5967,10.22,4229,10.14,9806,10.23,8887,10.13,8987,10.24,7300,10.12,8930,10.25,4942,10.11,1512,10.26,7282,10.1,2079,10.27,4427,10.09,7455,10.28,1744,10.08,9542,0
000001,2017-01-05 09:35:45,20170105,093545000,1483608945000000,1483608944999266,10.2,84,9.95,10.2,10.2,10.18,10.95,8.96,831814,8412949.64,915,10.25,10.15,47826,49256,10.21,1901,10.19,9688,10.22,7446,10.18,4660,10.23,3459,10.17,6605,10.24,6335,10.16,9106,10.25,6155,10.15,1854,10.26,3044,10.14,1958,10.27,2988,10.13,3121,10.28,5194,10.12,1788,10.29,9261,10.11,3646,10.3,2043,10.1,6830,0
000001,2017-01-05 09:36:14,20170105,093614000,1483608974000000,1483608973999975,10.19,84,9.95,10.19,10.19,10.18,10.95,8.96,906679,9175682.09,989,10.24,10.13,47881,54810,10.2,8502,10.18,3391,10.21,4239,10.17,3083,10.22,5160,10.16,8974,10.23,9226,10.15,2284,10.24,1795,10.14,7014,10.25,1535,10.13,3376,10.26,8457,10.12,8574,10.27,2002,10.11,5067,10.28,5390,10.1,5896,10.29,1575,10.09,7151,0
000001,2017-01-05 09:36:43,20170105,093643000,1483609003000000,1483609003000816,10.2,84,9.95,10.2,10.22,10.18,10.95,8.96,984898,9973181.5,1052,10.25,10.14,72922,44792,10.21,6995,10.19,2412,10.22,9743,10.18,3344,10.23,8770,10.17,1185,10.24,9965,10.16,7436,10.25,6947,10.15,9555,10.26,5774,10.14,1768,10.27,7393,10.13,2794,10.28,1187,10.12,7766,10.29,6331,10.11,3856,10.3,9817,10.1,4676,0
000001,2017-01-05 09:37:12,20170105,093712000,1483609032000000,1483609032000789,10.21,84,9.95,10.21,10.22,10.21,10.95,8.96,995363,10080069.97,1134,10.27,10.17,61954,57101,10.22,4736,10.2,8729,10.23,4500,10.19,9366,10.24,7017,10.18,7403,10.25,8526,10.17,5632,10.26,4978,10.16,3058,10.27,4872,10.15,2736,10.28,7829,10.14,9876,10.29,9668,10.13,3077,10.3,4796,10.12,1849,10.31,5032,10.11,5375,0
000001,2017-01-05 09:37:40,20170105,093740000,1483609060000000,1483609060000611,10.23,84,9.95,10.23,10.24,10.23,10.95,8.96,1076208,10907513.78,1194,10.3,10.18,53569,56252,10.24,7318,10.22,9126,10.25,1150,10.21,2382,10.26,2439,10.2,3366,10.27,3050,10.19,6276,10.28,6812,10.18,4784,10.29,9262,10.17,5404,10.3,3922,10.16,5418,10.31,1623,10.15,8670,10.32,9496,10.14,9426,10.33,8497,10.13,1400,0
000001,2017-01-05 09:38:09,20170105,093809000,1483609089000000,1483609088999181,10.22,84,9.95,10.22,10.24,10.21,10.95,8.96,1091263,11061443.67,1256,10.28,10.16,68658,42515,10.23,3830,10.21,1922,10.24,6395,10.2,1453,10.25,7503,10.19,2758,10.26,8079,10.18,1540,10.27,7943,10.17,7272,10.28,9623,10.16,2772,10.29,2456,10.15,7932,10.3,8470,10.14,6541,10.31,7929,10.13,5808,10.32,6430,10.12,4517,0
000001,2017-01-05 09:38:38,20170105,093838000,1483609118000000,1483609118000322,10.19,84,9.95,10.19,10.2,10.17,10.95,8.96,1165441,11817233.83,1339,10.24,10.14,41535,62413,10.2,4816,10.18,6260,10.21,4635,10.17,5534,10.22,1842,10.16,8133,10.23,4715,10.15,8261,10.24,2841,10.14,9775,10.25,6320,10.13,6840,10.26,2623,10.12,7767,10.27,7770,10.11,4552,10.28,1918,10.1,2490,10.29,4055,10.09,2801,0
000001,2017-01-05 09:39:07,20170105,093907000,1483609147000000,1483609146999768,10.2,84,9.95,10.2,10.2,10.18,10.95,8.96,1261300,12794762.49,1396,10.25,10.15,66387,47359,10.21,4883,10.19,7538,10.22,2177,10.18,5462,10.23,8700,10.17,7019,10.24,6976,10.16,6819,10.25,9715,10.15,3694,10.26,9063,10.14,2273,10.27,8583,10.13,6379,10.28,8174,10.12,1829,10.29,2378,10.11,1901,10.3,5738,10.1,4445,0
000001,2017-01-05 09:39:36,20170105,093936000,1483609176000000,1483609175999853,10.2,84,9.95,10.2,10.2,10.19,10.95,8.96,1304460,13234788.71,1406,10.25,10.14,49919,49468,10.21,4551,10.19,6335,10.22,9462,10.18,8490,10.23,3027,10.17,5236,10.24,1302,10.16,2559,10.25,6715,10.15,2130,10.26,5556,10.14,7195,10.27,5811,10.13,2594,10.28,3281,10.12,5481,10.29,3590,10.11,3370,10.3,6624,10.1,6078,0
000001,2017-01-05 09:40:04,20170105,094004000,1483609204000000,1483609204000673,10.24,84,9.95,10.24,10.25,10.24,10.95,8.96,1326803,13463630.53,1468,10.29,10.18,44097,57448,10.25,7591,10.23,2275,10.26,3375,10.22,2830,10.27,4455,10.21,3293,10.28,2580,10.2,8434,10.29,2797,10.19,6883,10.3,4163,10.18,9840,10.31,6707,10.17,8792,10.32,6423,10.16,8517,10.33,4122,10.15,2698,10.34,1884,10.14,3886,0
000001,2017-01-05 09:40:33,20170105,094033000,1483609233000000,1483609232999938,10.27,84,9.95,10.27,10.27,10.27,10.95,8.96,1365010,13856126.64,1536,10.32,10.22,49573,59928,10.28,6054,10.26,3373,10.29,7913,10.25,8713,10.3,3866,10.24,5490,10.31,3439,10.23,4177,10.32,8455,10.22,7362,10.33,2382,10.21,9715,10.34,3813,10.2,6679,10.35,7121,10.19,2521,10.36,2040,10.18,6283,10.37,4490,10.17,5615,0
000001,2017-01-05 09:41:02,20170105,094102000,1483609262000000,1483609262000926,10.31,84,9.95,10.31,10.33,10.3,10.95,8.96,1458882,14824116.12,1586,10.37,10.25,48597,53338,10.32,5081,10.3,3912,10.33,3047,10.29,3307,10.34,4789,10.28,3789,10.35,4895,10.27,4756,10.36,6694,10.26,8006,10.37,2615,10.25,7446,10.38,7165,10.24,7605,10.39,4717,10.23,7136,10.4,7893,10.22,1950,10.41,1701,10.21,5431,0
000001,2017-01-05 09:41:31,20170105,094131000,1483609291000000,1483609291000381,10.31,84,9.95,10.31,10.32,10.29,10.95,8.96,1534356,15602233.49,1624,10.36,10.26,54496,50053,10.32,7556,10.3,4695,10.33,9801,10.29,8762,10.34,1303,10.28,4551,10.35,3289,10.27,5305,10.36,6234,10.26,8752,10.37,2029,10.25,3753,10.38,9029,10.24,1482,10.39,4168,10.23,7963,10.4,1357,10.22,3120,10.41,9730,10.21,1670,0
000001,2017-01-05 09:42:00,20170105,094200000,1483609320000000,1483609320000591,10.31,84,9.95,10.31,10.34,10.31,10.95,8.96,1625190,16539020.5,1705,10.37,10.26,39925,68145,10.32,7939,10.3,8502,10.33,1467,10.29,8799,10.34,1606,10.28,1948,10.35,4350,10.27,8767,10.36,1365,10.26,4843,10.37,9085,10.25,9174,10.38,5406,10.24,6676,10.39,1256,10.23,7700,10.4,6024,10.22,8145,10.41,1427,10.21,3591,0
000001,2017-01-05 09:42:28,20170105,094228000,1483609348000000,1483609347999526,10.34,84,9.95,10.34,10.37,10.33,10.95,8.96,1640802,16700525.84,1753,10.4,10.29,71163,46254,10.35,9433,10.33,4284,10.36,2954,10.32,6804,10.37,6282,10.31,3389,10.38,7814,10.3,1315,10.39,6705,10.29,4906,10.4,9899,10.28,4346,10.41,4045,10.27,5224,10.42,8893,10.26,3876,10.43,9831,10.25,4834,10.44,5307,10.24,7276,0
000001,2017-01-05 09:42:57,20170105,094257000,1483609377000000,1483609377000025,10.34,84,9.95,10.34,10.35,10.32,10.95,8.96,1660307,16902266.06,1834,10.4,10.29,67715,57581,10.35,3769,10.33,6415,10.36,3452,10.32,4091,10.37,9088,10.31,6515,10.38,8839,10.3,1797,10.39,6969,10.29,8765,10.4,9752,10.28,8588,10.41,5773,10.27,2442,10.42,9328,10.26,9035,10.43,1994,10.25,8007,10.44,8751,10.24,1926,0
000001,2017-01-05 09:43:26,20170105,094326000,1483609406000000,1483609405999113,10.33,84,9.95,10.33,10.33,10.3,10.95,8.96,1755943,17889798.02,1893,10.38,10.27,49147,49946,10.34,9723,10.32,4229,10.35,1296,10.31,2993,10.36,8199,10.3,9134,10.37,4456,10.29,3260,10.38,1028,10.28,6978,10.39,1640,10.27,3169,10.4,5021,10.26,7473,10.41,3274,10.25,5136,10.42,9823,10.24,1413,10.43,4687,10.23,6161,0
000001,2017-01-05 09:43:55,20170105,094355000,1483609435000000,1483609435000040,10.34,84,9.95,10.34,10.35,10.34,10.95,8.96,1778893,18127209.09,1990,10.41,10.3,47879,46879,10.35,1212,10.33,2370,10.36,5902,10.32,5815,10.37,1296,10.31,9956,10.38,2536,10.3,8939,10.39,4254,10.29,4176,10.4,7571,10.28,4490,10.41,5041,10.27,5157,10.42,8071,10.26,2504,10.43,2715,10.25,1772,10.44,9281,10.24,1700,0
000001,2017-01-05 09:44:24,20170105,094424000,1483609464000000,1483609464000432,10.35,84,9.95,10.35,10.37,10.33,10.95,8.96,1864236,19010732.3,2082,10.42,10.29,48775,56264,10.36,1078,10.34,3559,10.37,3183,10.33,9610,10.38,2932,10.32,2401,10.39,3915,10.31,1987,10.4,8745,10.3,2906,10.41,2437,10.29,3342,10.42,8489,10.28,9523,10.43,7218,10.27,8018,10.44,8265,10.26,8643,10.45,2513,10.25,6275,0
000001,2017-01-05 09:44:52,20170105,094452000,1483609492000000,1483609491999765,10.33,84,9.95,10.33,10.34,10.32,10.95,8.96,1919701,19583886.44,2100,10.38,10.27,55622,57975,10.34,9726,10.32,3373,10.35,4315,10.31,4937,10.36,8392,10.3,6786,10.37,5318,10.29,3015,10.38,7165,10.28,9280,10.39,4437,10.27,5329,10.4,5341,10.26,3254,10.41,7617,10.25,8248,10.42,1310,10.24,6605,10.43,2001,10.23,7148,0
000001,2017-01-05 09:45:21,20170105,094521000,1483609521000000,1483609520999889,10.3,84,9.95,10.3,10.3,10.28,10.95,8.96,1969625,20097958.56,2161,10.35,10.24,50689,44199,10.31,7768,10.29,2555,10.32,2246,10.28,8637,10.33,8837,10.27,2750,10.34,3605,10.26,1224,10.35,5654,10.25,4294,10.36,5222,10.24,5589,10.37,3153,10.23,6920,10.38,9557,10.22,2731,10.39,2288,10.21,7076,10.4,2359,10.2,2423,0
000001,2017-01-05 09:45:50,20170105,094550000,1483609550000000,1483609549999628,10.27,84,9.95,10.27,10.27,10.27,10.95,8.96,1998953,20399150.82,2185,10.32,10.22,55705,65565,10.28,8448,10.26,9719,10.29,2389,10.25,2696,10.3,9126,10.24,7996,10.31,3415,10.23,1162,10.32,7828,10.22,8810,10.33,6582,10.21,9848,10.34,3416,10.2,9896,10.35,7913,10.19,4177,10.36,1317,10.18,3888,10.37,5271,10.17,7373,0
000001,2017-01-05 09:46:19,20170105,094619000,1483609579000000,1483609578999460,10.28,84,9.95,10.28,10.28,10.27,10.95,8.96,2032154,20740439.01,2269,10.33,10.22,58619,55086,10.29,6563,10.27,3498,10.3,2014,10.26,3969,10.31,8908,10.25,9659,10.32,7899,10.24,6574,10.33,4144,10.23,4261,10.34,7698,10.22,4928,10.35,2802,10.21,2651,10.36,6716,10.2,7540,10.37,6773,10.19,3669,10.38,5102,10.18,8337,0
000001,2017-01-05 09:46:48,20170105,094648000,1483609608000000,1483609607999024,10.31,84,9.95,10.31,10.33,10.31,10.95,8.96,2097925,21418346.92,2331,10.37,10.25,44128,63569,10.32,3594,10.3,5824,10.33,4465,10.29,2022,10.34,1154,10.28,8433,10.35,6040,10.27,2186,10.36,7449,10.26,9675,10.37,2842,10.25,6773,10.38,4555,10.24,7163,10.39,2306,10.23,9914,10.4,4282,10.22,4673,10.41,7441,10.21,6906,0
000001,2017-01-05 09:47:16,20170105,094716000,1483609636000000,1483609636000955,10.32,84,9.95,10.32,10.33,10.32,10.95,8.96,2181010,22276046.81,2344,10.37,10.27,51899,63076,10.33,6437,10.31,9872,10.34,4581,10.3,1239,10.35,8346,10.29,3028,10.36,1854,10.28,9244,10.37,9830,10.27,8750,10.38,4165,10.26,5744,10.39,4515,10.25,2066,10.4,8863,10.24,7974,10.41,1981,10.23,7115,10.42,1327,10.22,8044,0
000001,2017-01-05 09:47:45,20170105,094745000,1483609665000000,1483609664999371,10.28,84,9.95,10.28,10.3,10.27,10.95,8.96,2203880,22511204.31,2424,10.34,10.23,52548,64637,10.29,9141,10.27,8836,10.3,5021,10.26,8357,10.31,2173,10.25,5061,10.32,2679,10.24,7079,10.33,8000,10.23,7144,10.34,1802,10.22,1581,10.35,9269,10.21,6121,10.36,4806,10.2,5440,10.37,7168,10.19,5690,10.38,2489,10.18,9328,0
000001,2017-01-05 09:48:14,20170105,094814000,1483609694000000,1483609694000644,10.28,84,9.95,10.28,10.3,10.27,10.95,8.96,2281983,23314407.71,2519,10.33,10.22,42918,58561,10.29,5252,10.27,1330,10.3,8030,10.26,9835,10.31,1251,10.25,3930,10.32,6704,10.24,7507,10.33,4203,10.23,2647,10.34,2954,10.22,6093,10.35,2513,10.21,6851,10.36,5652,10.2,4544,10.37,2027,10.19,6709,10.38,4332,10.18,9115,0
000001,2017-01-05 09:48:43,20170105,094843000,1483609723000000,1483609722999630,10.26,84,9.95,10.26,10.27,10.25,10.95,8.96,2354607,24059752.37,2580,10.32,10.21,73935,69799,10.27,6643,10.25,6835,10.28,8638,10.24,7906,10.29,5508,10.23,7802,10.3,7094,10.22,3309,10.31,5886,10.21,3661,10.32,9022,10.2,6285,10.33,4644,10.19,9414,10.34,8026,10.18,7365,10.35,9379,10.17,8205,10.36,9095,10.16,9017,0
000001,2017-01-05 09:49:12,20170105,094912000,1483609752000000,1483609751999751,10.29,84,9.95,10.29,10.29,10.27,10.95,8.96,2403250,24560053.46,2606,10.35,10.22,59937,49234,10.3,1367,10.28,2273,10.31,7957,10.27,4107,10.32,7639,10.26,6214,10.33,3509,10.25,3961,10.34,3817,10.24,5062,10.35,1708,10.23,4752,10.36,8646,10.22,5580,10.37,9417,10.21,2222,10.38,7957,10.2,7482,10.39,7920,10.19,7581,0
000001,2017-01-05 09:49:40,20170105,094940000,1483609780000000,1483609780000662,10.29,84,9.95,10.29,10.29,10.27,10.95,8.96,2441794,24956557.12,2679,10.35,10.23,46008,54910,10.3,2887,10.28,6767,10.31,4279,10.27,4369,10.32,1515,10.26,6829,10.33,5312,10.25,1641,10.34,1229,10.24,8215,10.35,4074,10.23,7937,10.36,9418,10.22,5837,10.37,7305,10.21,1962,10.38,7160,10.2,4893,10.39,2829,10.19,6460,0
000001,2017-01-05 09:50:09,20170105,095009000,1483609809000000,1483609808999173,10.29,84,9.95,10.29,10.29,10.28,10.95,8.96,2529942,25863365.65,2709,10.35,10.24,49683,54200,10.3,2186,10.28,9637,10.31,1117,10.27,2451,10.32,7823,10.26,5471,10.33,7165,10.25,9340,10.34,3048,10.24,3691,10.35,3654,10.23,4054,10.36,2176,10.22,5085,10.37,7549,10.21,5012,10.38,9571,10.2,1361,10.39,5394,10.19,8098,0
000001,2017-01-05 09:50:38,20170105,095038000,1483609838000000,1483609838000704,10.29,84,9.95,10.29,10.29,10.28,10.95,8.96,2602714,26611902.01,2736,10.34,10.22,53818,48728,10.3,1931,10.28,1680,10.31,5637,10.27,1019,10.32,3888,10.26,3769,10.33,5442,10.25,5482,10.34,9661,10.24,5648,10.35,3363,10.23,6457,10.36,8524,10.22,7236,10.37,7109,10.21,6185,10.38,2666,10.2,9857,10.39,5597,10.19,1395,0
000001,2017-01-05 09:51:07,20170105,095107000,1483609867000000,1483609867000530,10.32,84,9.95,10.32,10.34,10.3,10.95,8.96,2696858,27583897.62,2813,10.38,10.27,50447,50078,10.33,1845,10.31,4953,10.34,5671,10.3,7962,10.35,2481,10.29,5087,10.36,8477,10.28,6549,10.37,5317,10.27,1547,10.38,5464,10.26,8828,10.39,2177,10.25,2177,10.4,6610,10.24,6800,10.41,9263,10.23,1778,10.42,3142,10.22,4397,0
000001,2017-01-05 09:51:36,20170105,095136000,1483609896000000,1483609895999315,10.33,84,9.95,10.33,10.34,10.33,10.95,8.96,2735332,27981456.52,2905,10.38,10.27,47632,49973,10.34,6763,10.32,3367,10.35,4365,10.31,1130,10.36,4291,10.3,9384,10.37,4811,10.29,1789,10.38,6802,10.28,3409,10.39,5315,10.27,6843,10.4,3831,10.26,7479,10.41,4126,10.25,6508,10.42,4206,10.24,3133,10.43,3122,10.23,6931,0
000001,2017-01-05 09:52:04,20170105,095204000,1483609924000000,1483609924000858,10.33,84,9.95,10.33,10.35,10.33,10.95,8.96,2831145,28971516.41,2985,10.39,10.28,48943,58782,10.34,4259,10.32,9062,10.35,5503,10.31,5645,10.36,2818,10.3,5555,10.37,4273,10.29,7592,10.38,1698,10.28,1897,10.39,8367,10.27,9187,10.4,4237,10.26,7155,10.41,6661,10.25,6625,10.42,1645,10.24,4679,10.43,9482,10.23,1385,0
000001,2017-01-05 09:52:33,20170105,095233000,1483609953000000,1483609953000715,10.33,84,9.95,10.33,10.34,10.31,10.95,8.96,2891028,29590244.82,3054,10.38,10.28,66898,61688,10.34,5732,10.32,7476,10.35,7831,10.31,4154,10.36,9262,10.3,5271,10.37,5662,10.29,9525,10.38,9804,10.28,6277,10.39,8219,10.27,2641,10.4,3306,10.26,5274,10.41,9885,10.25,5347,10.42,4684,10.24,9797,10.43,2513,10.23,5926,0
000001,2017-01-05 09:53:02,20170105,095302000,1483609982000000,1483609981999552,10.32,84,9.95,10.32,10.34,10.3,10.95,8.96,2911158,29797950.8,3088,10.37,10.27,66391,59200,10.33,8868,10.31,1735,10.34,4217,10.3,7785,10.35,7249,10.29,9745,10.36,9883,10.28,8819,10.37,4787,10.27,3015,10.38,6156,10.26,7353,10.39,7194,10.25,9571,10.4,5385,10.24,3796,10.41,9499,10.23,4499,10.42,3153,10.22,2882,0
000001,2017-01-05 09:53:31,20170105,095331000,1483610011000000,1483610010999199,10.36,84,9.95,10.36,10.38,10.36,10.95,8.96,3010309,30825299.35,3114,10.41,10.31,63144,54812,10.37,7229,10.35,1441,10.38,9751,10.34,8426,10.39,7353,10.33,2747,10.4,7326,10.32,7736,10.41,5044,10.31,8724,10.42,4767,10.3,4480,10.43,3686,10.29,7892,10.44,3267,10.28,4596,10.45,7030,10.27,2812,10.46,7691,10.26,5958,0
000001,2017-01-05 09:54:00,20170105,095400000,1483610040000000,1483610040000534,10.35,84,9.95,10.35,10.35,10.34,10.95,8.96,3105735,31812496.77,3150,10.4,10.29,54334,74572,10.36,7784,10.34,6404,10.37,6247,10.33,6172,10.38,1442,10.32,8819,10.39,6987,10.31,4644,10.4,2098,10.3,7041,10.41,9579,10.29,9448,10.42,4985,10.28,8606,10.43,4502,10.27,5147,10.44,6991,10.26,8915,10.45,3719,10.25,9376,0
000001,2017-01-05 09:54:28,20170105,095428000,1483610068000000,1483610067999788,10.37,84,9.95,10.37,10.38,10.36,10.95,8.96,3190775,32694077.18,3199,10.42,10.32,64318,40754,10.38,8872,10.36,6253,10.39,5790,10.35,6612,10.4,9650,10.34,2476,10.41,9218,10.33,3924,10.42,3443,10.32,3564,10.43,6969,10.31,6229,10.44,6401,10.3,5562,10.45,3678,10.29,1648,10.46,8634,10.28,2823,10.47,1663,10.27,1663,0
000001,2017-01-05 09:54:57,20170105,095457000,1483610097000000,1483610096999813,10.37,84,9.95,10.37,10.37,10.36,10.95,8.96,3279867,33617731.22,3296,10.43,10.32,54332,68817,10.38,2057,10.36,9500,10.39,7395,10.35,8282,10.4,2405,10.34,3344,10.41,2426,10.33,9679,10.42,2243,10.32,4968,10.43,8213,10.31,7564,10.44,7838,10.3,7633,10.45,9571,10.29,5517,10.46,4698,10.28,6813,10.47,7486,10.27,5517,0
000001,2017-01-05 09:55:26,20170105,095526000,1483610126000000,1483610126000504,10.36,84,9.95,10.36,10.37,10.35,10.95,8.96,3313244,33963478.81,3318,10.41,10.31,56443,37983,10.37,4785,10.35,7253,10.38,8608,10.34,4032,10.39,1154,10.33,2672,10.4,7382,10.32,1506,10.41,8486,10.31,6179,10.42,4448,10.3,2885,10.43,3792,10.29,1180,10.44,9902,10.28,3304,10.45,4211,10.27,7924,10.46,3675,10.26,1048,0
000001,2017-01-05 09:55:55,20170105,095555000,1483610155000000,1483610154999333,10.35,84,9.95,10.35,10.37,10.34,10.95,8.96,3391174,34770121.88,3331,10.4,10.29,55841,57492,10.36,5090,10.34,4985,10.37,9884,10.33,6054,10.38,6714,10.32,1707,10.39,8345,10.31,9334,10.4,5117,10.3,7097,10.41,4369,10.29,2431,10.42,5342,10.28,4129,10.43,1071,10.27,4108,10.44,1165,10.26,8349,10.45,8744,10.25,9298,0
000001,2017-01-05 09:56:24,20170105,095624000,1483610184000000,1483610184000959,10.34,84,9.95,10.34,10.34,10.33,10.95,8.96,3433641,35209163.1,3425,10.39,10.28,56880,43247,10.35,9052,10.33,6749,10.36,7707,10.32,3887,10.37,3308,10.31,2328,10.38,7215,10.3,3547,10.39,4065,10.29,1893,10.4,3085,10.28,2920,10.41,3839,10.27,7415,10.42,8051,10.26,7688,10.43,6901,10.25,3073,10.44,3657,10.24,3747,0
000001,2017-01-05 09:56:52,20170105,095652000,1483610212000000,1483610212000513,10.35,84,9.95,10.35,10.35,10.34,10.95,8.96,3515317,36054261.53,3436,10.4,10.29,61567,58820,10.36,8427,10.34,2636,10.37,8310,10.33,1935,10.38,7972,10.32,8323,10.39,2172,10.31,9680,10.4,5467,10.3,7614,10.41,1060,10.29,6401,10.42,7791,10.28,9366,10.43,1525,10.27,4869,10.44,9409,10.26,4140,10.45,9434,10.25,3856,0
000001,2017-01-05 09:57:21,20170105,095721000,1483610241000000,1483610241000621,10.36,84,9.95,10.36,10.36,10.34,10.95,8.96,3578542,36709296.74,3467,10.42,10.3,54018,45897,10.37,3252,10.35,3182,10.38,5759,10.34,1072,10.39,2570,10.33,6697,10.4,9081,10.32,4380,10.41,4712,10.31,2921,10.42,7399,10.3,8757,10.43,3657,10.29,6330,10.44,9574,10.28,2670,10.45,5840,10.27,8135,10.46,2174,10.26,1753,0
000001,2017-01-05 09:57:50,20170105,095750000,1483610270000000,1483610270000135,10.39,84,9.95,10.39,10.4,10.38,10.95,8.96,3667382,37632065.62,3508,10.45,10.32,61101,56631,10.4,7540,10.38,4239,10.41,3761,10.37,2353,10.42,5963,10.36,1476,10.43,5872,10.35,3096,10.44,5718,10.34,8859,10.45,3108,10.33,5074,10.46,4471,10.32,8276,10.47,7996,10.31,4368,10.48,9895,10.3,9773,10.49,6777,10.29,9117,0
000001,2017-01-05 09:58:19,20170105,095819000,1483610299000000,1483610298999338,10.39,84,9.95,10.39,10.4,10.37,10.95,8.96,3717669,38154596.06,3547,10.45,10.33,59533,52455,10.4,6443,10.38,4305,10.41,7679,10.37,4265,10.42,7335,10.36,3927,10.43,1921,10.35,5081,10.44,5009,10.34,6731,10.45,2922,10.33,5158,10.46,9246,10.32,8530,10.47,8129,10.31,1384,10.48,8079,10.3,3725,10.49,2770,10.29,9349,0
000001,2017-01-05 09:58:48,20170105,095848000,1483610328000000,1483610328000200,10.41,84,9.95,10.41,10.42,10.4,10.95,8.96,3795771,38967836.82,3594,10.46,10.36,73956,37545,10.42,7544,10.4,4351,10.43,6512,10.39,4781,10.44,9101,10.38,2651,10.45,8753,10.37,4306,10.46,7253,10.36,2997,10.47,9680,10.35,1738,10.48,7194,10.34,2619,10.49,8033,10.33,1251,10.5,4352,10.32,5503,10.51,5534,10.31,7348,0
000001,2017-01-05 09:59:16,20170105,095916000,1483610356000000,1483610355999334,10.4,84,9.95,10.4,10.4,10.39,10.95,8.96,3856696,39601274.94,3630,10.45,10.34,54615,48174,10.41,8502,10.39,4592,10.42,9953,10.38,2196,10.43,2917,10.37,5664,10.44,8169,10.36,9838,10.45,3582,10.35,5009,10.46,2805,10.34,4088,10.47,4759,10.33,5602,10.48,4098,10.32,4469,10.49,5245,10.31,4259,10.5,4585,10.3,2457,0
000001,2017-01-05 09:59:45,20170105,095945000,1483610385000000,1483610385000280,10.41,84,9.95,10.41,10.41,10.39,10.95,8.96,3929261,40356492.56,3663,10.46,10.34,64051,56854,10.42,5247,10.4,1333,10.43,7722,10.39,8771,10.44,7504,10.38,2539,10.45,6960,10.37,4851,10.46,4681,10.36,2316,10.47,8569,10.35,4958,10.48,1490,10.34,5761,10.49,9245,10.33,9984,10.5,4660,10.32,8721,10.51,7973,10.31,7620,0
000001,2017-01-05 10:00:14,20170105,100014000,1483610414000000,1483610413999790,10.41,84,9.95,10.41,10.41,10.4,10.95,8.96,3969273,40772852.21,3689,10.47,10.35,65960,61752,10.42,7665,10.4,7411,10.43,1858,10.39,7442,10.44,5557,10.38,8193,10.45,2757,10.37,2480,10.46,9176,10.36,2865,10.47,7953,10.35,4378,10.48,8360,10.34,2414,10.49,9692,10.33,8431,10.5,7274,10.32,9152,10.51,5668,10.31,8986,0
000001,2017-01-05 10:00:43,20170105,100043000,1483610443000000,1483610442999441,10.42,84,9.95,10.42,10.43,10.41,10.95,8.96,4015097,41250149.7,3761,10.48,10.37,58555,53036,10.43,6132,10.41,9705,10.44,4785,10.4,4079,10.45,5555,10.39,8492,10.46,2262,10.38,1281,10.47,6744,10.37,6146,10.48,6576,10.36,5397,10.49,2789,10.35,3675,10.5,6420,10.34,3670,10.51,8375,10.33,7055,10.52,8917,10.32,3536,0
000001,2017-01-05 10:01:12,20170105,100112000,1483610472000000,1483610471999873,10.43,84,9.95,10.43,10.45,10.42,10.95,8.96,4034423,41451715.04,3789,10.48,10.36,49752,52867,10.44,1957,10.42,3616,10.45,5728,10.41,1795,10.46,1308,10.4,2812,10.47,7662,10.39,3786,10.48,9471,10.38,9125,10.49,6812,10.37,1825,10.5,8450,10.36,4912,10.51,3640,10.35,9456,10.52,1879,10.34,7809,10.53,2845,10.33,7731,0
000001,2017-01-05 10:01:40,20170105,100140000,1483610500000000,1483610499999449,10.41,84,9.95,10.41,10.41,10.4,10.95,8.96,4051333,41627751.72,3827,10.47,10.36,52525,55729,10.42,7853,10.4,9948,10.43,2364,10.39,9390,10.44,5222,10.38,1070,10.45,1675,10.37,2282,10.46,8438,10.36,1201,10.47,4726,10.35,5682,10.48,2588,10.34,3750,10.49,7831,10.33,9014,10.5,5812,10.32,9103,10.51,6016,10.31,4289,0
000001,2017-01-05 10:02:09,20170105,100209000,1483610529000000,1483610528999731,10.4,84,9.95,10.4,10.42,10.39,10.95,8.96,4142776,42579211.17,3874,10.46,10.35,57072,64143,10.41,4451,10.39,5650,10.42,6881,10.38,7577,10.43,5593,10.37,9617,10.44,3349,10.36,9919,10.45,7372,10.35,6112,10.46,5590,10.34,6104,10.47,6693,10.33,1219,10.48,3086,10.32,4555,10.49,7894,10.31,9089,10.5,6163,10.3,4301,0
000001,2017-01-05 10:02:38,20170105,100238000,1483610558000000,1483610557999832,10.42,84,9.95,10.42,10.43,10.41,10.95,8.96,4185066,43019968.22,3933,10.48,10.37,47113,63033,10.43,3105,10.41,8578,10.44,3534,10.4,3433,10.45,1613,10.39,8238,10.46,5779,10.38,3492,10.47,1258,10.37,5901,10.48,7897,10.36,9340,10.49,8416,10.35,4498,10.5,9641,10.34,8891,10.51,3961,10.33,6684,10.52,1909,10.32,3978,0
000001,2017-01-05 10:03:07,20170105,100307000,1483610587000000,1483610587000579,10.41,84,9.95,10.41,10.41,10.41,10.95,8.96,4226798,43454475.03,3991,10.46,10.36,56846,56556,10.42,7376,10.4,6642,10.43,8757,10.39,1143,10.44,8545,10.38,9608,10.45,9999,10.37,6509,10.46,4387,10.36,4375,10.47,3183,10.35,6999,10.48,1845,10.34,4798,10.49,2634,10.33,7538,10.5,2794,10.32,1570,10.51,7326,10.31,7374,0
000001,2017-01-05 10:03:36,20170105,100336000,1483610616000000,1483610615999816,10.4,84,9.95,10.4,10.41,10.38,10.95,8.96,4269162,43895164.31,4022,10.46,10.34,49540,53452,10.41,3985,10.39,4107,10.42,2601,10.38,7596,10.43,3847,10.37,1434,10.44,4684,10.36,3133,10.45,8996,10.35,5804,10.46,8464,10.34,3609,10.47,7114,10.33,4207,10.48,3574,10.32,5745,10.49,4192,10.31,8274,10.5,2083,10.3,9543,0
000001,2017-01-05 10:04:04,20170105,100404000,1483610644000000,1483610644000169,10.42,84,9.95,10.42,10.42,10.4,10.95,8.96,4319797,44422546.29,4094,10.47,10.36,55049,41284,10.43,8295,10.41,1564,10.44,6553,10.4,3620,10.45,2470,10.39,4531,10.46,5175,10.38,9782,10.47,7257,10.37,1441,10.48,1412,10.36,5472,10.49,8237,10.35,2607,10.5,4477,10.34,7850,10.51,1962,10.33,2031,10.52,9211,10.32,2386,0
000001,2017-01-05 10:04:33,20170105,100433000,1483610673000000,1483610673000882,10.41,84,9.95,10.41,10.42,10.4,10.95,8.96,4378838,45036887.85,4177,10.46,10.35,59629,59118,10.42,8936,10.4,7584,10.43,6701,10.39,2591,10.44,4174,10.38,3513,10.45,7028,10.37,7733,10.46,3701,10.36,6596,10.47,7971,10.35,9498,10.48,6533,10.34,7218,10.49,3773,10.33,4829,10.5,3224,10.32,2261,10.51,7588,10.31,7295,0
000001,2017-01-05 10:05:02,20170105,100502000,1483610702000000,1483610702000214,10.41,84,9.95,10.41,10.43,10.41,10.95,8.96,4425271,45520214.83,4273,10.47,10.35,62595,51087,10.42,4763,10.4,6090,10.43,1686,10.39,2467,10.44,9635,10.38,5060,10.45,9541,10.37,5151,10.46,8884,10.36,2733,10.47,3956,10.35,4023,10.48,3767,10.34,5609,10.49,1277,10.33,7291,10.5,9194,10.32,2942,10.51,9892,10.31,9721,0
000001,2017-01-05 10:05:31,20170105,100531000,1483610731000000,1483610730999850,10.4,84,9.95,10.4,10.4,10.4,10.95,8.96,4514080,46443979.94,4322,10.46,10.34,63940,45685,10.41,9807,10.39,1636,10.42,1021,10.38,6424,10.43,6969,10.37,2482,10.44,6012,10.36,4888,10.45,6973,10.35,1285,10.46,8191,10.34,4468,10.47,9556,10.33,3881,10.48,5063,10.32,4539,10.49,8512,10.31,8667,10.5,1836,10.3,7415,0
000001,2017-01-05 10:06:00,20170105,100600000,1483610760000000,1483610760000244,10.43,84,9.95,10.43,10.44,10.42,10.95,8.96,4607287,47416251.62,4353,10.5,10.38,46903,56099,10.44,1100,10.42,8940,10.45,1214,10.41,5391,10.46,2366,10.4,2018,10.47,4861,10.39,9838,10.48,7903,10.38,7370,10.49,1593,10.37,5683,10.5,6972,10.36,1021,10.51,9478,10.35,5073,10.52,1750,10.34,5759,10.53,9666,10.33,5006,0
000001,2017-01-05 10:06:28,20170105,100628000,1483610788000000,1483610788000229,10.41,84,9.95,10.41,10.41,10.4,10.95,8.96,4652600,47887872.06,4434,10.47,10.35,48913,57351,10.42,1178,10.4,7134,10.43,3313,10.39,5403,10.44,4286,10.38,4498,10.45,9164,10.37,3906,10.46,5633,10.36,8805,10.47,2821,10.35,7677,10.48,6759,10.34,2783,10.49,6488,10.33,2854,10.5,4885,10.32,9788,10.51,4386,10.31,4503,0
000001,2017-01-05 10:06:57,20170105,100657000,1483610817000000,1483610816999062,10.41,84,9.95,10.41,10.42,10.39,10.95,8.96,4717239,48560798.79,4490,10.47,10.37,56995,37086,10.42,5882,10.4,8688,10.43,3898,10.39,4162,10.44,4167,10.38,3245,10.45,8022,10.37,1596,10.46,2445,10.36,6562,10.47,7364,10.35,3607,10.48,6091,10.34,1528,10.49,5633,10.33,2375,10.5,9120,10.32,3432,10.51,4373,10.31,1891,0
000001,2017-01-05 10:07:26,20170105,100726000,1483610846000000,1483610846000525,10.43,84,9.95,10.43,10.44,10.42,10.95,8.96,4743737,48837194.18,4504,10.48,10.38,48551,63918,10.44,5607,10.42,6690,10.45,3699,10.41,9249,10.46,5773,10.4,7427,10.47,2371,10.39,3448,10.48,6884,10.38,8942,10.49,4299,10.37,9252,10.5,7663,10.36,5140,10.51,5280,10.35,8227,10.52,5151,10.34,3165,10.53,1824,10.33,2378,0
000001,2017-01-05 10:07:55,20170105,100755000,1483610875000000,1483610875000435,10.41,84,9.95,10.41,10.41,10.4,10.95,8.96,4788006,49297929.77,4551,10.47,10.35,61198,60055,10.42,1012,10.4,3751,10.43,8366,10.39,1276,10.44,6402,10.38,4941,10.45,8930,10.37,7764,10.46,3177,10.36,9474,10.47,1165,10.35,9449,10.48,9267,10.34,9629,10.49,6087,10.33,3003,10.5,8911,10.32,9577,10.51,7881,10.31,1191,0
000001,2017-01-05 10:08:24,20170105,100824000,1483610904000000,1483610904000023,10.39,84,9.95,10.39,10.41,10.38,10.95,8.96,4856516,50009828.79,4630,10.45,10.33,51375,62422,10.4,4049,10.38,4523,10.41,2095,10.37,8461,10.42,7274,10.36,5093,10.43,6132,10.35,8599,10.44,4709,10.34,4293,10.45,9228,10.33,4278,10.46,1233,10.32,2071,10.47,3501,10.31,9652,10.48,7413,10.3,5892,10.49,5741,10.29,9560,0
000001,2017-01-05 10:08:52,20170105,100852000,1483610932000000,1483610932000954,10.39,84,9.95,10.39,10.39,10.39,10.95,8.96,4914249,50609883.33,4669,10.45,10.34,73633,47244,10.4,7148,10.38,9606,10.41,9535,10.37,1470,10.42,6808,10.36,2886,10.43,4384,10.35,3824,10.44,9593,10.34,7856,10.45,8674,10.33,7748,10.46,1123,10.32,3015,10.47,8420,10.31,1292,10.48,8227,10.3,3330,10.49,9721,10.29,6217,0
000001,2017-01-05 10:09:21,20170105,100921000,1483610961000000,1483610961000422,10.43,84,9.95,10.43,10.43,10.43,10.95,8.96,4961509,51102787.98,4749,10.49,10.38,40675,72757,10.44,3643,10.42,9227,10.45,3179,10.41,8305,10.46,1829,10.4,4873,10.47,1014,10.39,6945,10.48,7862,10.38,7037,10.49,3999,10.37,8948,10.5,8866,10.36,7827,10.51,5775,10.35,1723,10.52,1407,10.34,9354,10.53,3101,10.33,8518,0
000001,2017-01-05 10:09:50,20170105,100950000,1483610990000000,1483610990000916,10.41,84,9.95,10.41,10.42,10.41,10.95,8.96,5020777,51719877.71,4801,10.47,10.36,45902,53932,10.42,5935,10.4,8973,10.43,2740,10.39,2694,10.44,1697,10.38,3332,10.45,5310,10.37,4732,10.46,6650,10.36,7327,10.47,1653,10.35,8280,10.48,4637,10.34,4695,10.49,2122,10.33,2296,10.5,8987,10.32,6742,10.51,6171,10.31,4861,0
000001,2017-01-05 10:10:19,20170105,101019000,1483611019000000,1483611019000745,10.41,84,9.95,10.41,10.42,10.38,10.95,8.96,5038785,51907262.6,4897,10.46,10.36,52728,47106,10.42,3086,10.4,7341,10.43,6149,10.39,1294,10.44,5222,10.38,9044,10.45,4640,10.37,8917,10.46,5567,10.36,2965,10.47,7552,10.35,2277,10.48,8482,10.34,2103,10.49,2334,10.33,3048,10.5,1211,10.32,7466,10.51,8485,10.31,2651,0
000001,2017-01-05 10:10:48,20170105,101048000,1483611048000000,1483611047999407,10.42,84,9.95,10.42,10.42,10.39,10.95,8.96,5122222,52776529.59,4945,10.48,10.37,49284,61525,10.43,4016,10.41,6003,10.44,1658,10.4,8469,10.45,9247,10.39,8567,10.46,3352,10.38,3488,10.47,4708,10.37,6391,10.48,2719,10.36,6579,10.49,3300,10.35,6998,10.5,8158,10.34,6082,10.51,3136,10.33,7216,10.52,8990,10.32,1732,0
000001,2017-01-05 10:11:16,20170105,101116000,1483611076000000,1483611076000735,10.37,84,9.95,10.37,10.37,10.36,10.95,8.96,5139713,52957861.57,4976,10.42,10.31,46597,61021,10.38,6426,10.36,7671,10.39,3750,10.35,8366,10.4,4722,10.34,5661,10.41,2810,10.33,1541,10.42,2622,10.32,7242,10.43,6255,10.31,2580,10.44,2209,10.3,7462,10.45,5329,10.29,5313,10.46,8038,10.28,9572,10.47,4436,10.27,5613,0
000001,2017-01-05 10:11:45,20170105,101145000,1483611105000000,1483611104999522,10.34,84,9.95,10.34,10.35,10.33,10.95,8.96,5203944,53622227.97,5042,10.4,10.29,79197,43596,10.35,9608,10.33,2745,10.36,9905,10.32,5487,10.37,9511,10.31,6080,10.38,7418,10.3,1938,10.39,3165,10.29,9722,10.4,9294,10.28,3819,10.41,1307,10.27,2270,10.42,9886,10.26,6704,10.43,9321,10.25,1712,10.44,9782,10.24,3119,0
000001,2017-01-05 10:12:14,20170105,101214000,1483611134000000,1483611134000568,10.33,84,9.95,10.33,10.34,10.32,10.95,8.96,5291818,54529933.51,5111,10.38,10.27,42539,45401,10.34,9222,10.32,2111,10.35,4749,10.31,5177,10.36,2397,10.3,4086,10.37,5306,10.29,5766,10.38,6649,10.28,7648,10.39,3557,10.27,3338,10.4,1389,10.26,2583,10.41,1503,10.25,2774,10.42,2080,10.24,7604,10.43,5687,10.23,4314,0
000001,2017-01-05 10:12:43,20170105,101243000,1483611163000000,1483611162999208,10.3,84,9.95,10.3,10.3,10.28,10.95,8.96,5323788,54859346.61,5139,10.35,10.25,45051,55062,10.31,8293,10.29,8449,10.32,6365,10.28,7705,10.33,1841,10.27,8938,10.34,2453,10.26,1343,10.35,2069,10.25,6271,10.36,7223,10.24,2979,10.37,3877,10.23,3835,10.38,6800,10.22,2490,10.39,5008,10.21,8010,10.4,1122,10.2,5042,0
000001,2017-01-05 10:13:12,20170105,101312000,1483611192000000,1483611191999949,10.31,84,9.95,10.31,10.31,10.31,10.95,8.96,5418906,55840125.38,5207,10.37,10.26,54632,50624,10.32,6726,10.3,6975,10.33,2504,10.29,9100,10.34,4413,10.28,3124,10.35,6021,10.27,6670,10.36,5682,10.26,7821,10.37,3465,10.25,1771,10.38,5093,10.24,1232,10.39,7626,10.23,1749,10.4,4952,10.22,7142,10.41,8150,10.21,5040,0
000001,2017-01-05 10:13:40,20170105,101340000,1483611220000000,1483611220000826,10.3,84,9.95,10.3,10.31,10.29,10.95,8.96,5454512,56206715.67,5240,10.35,10.24,61814,46668,10.31,8460,10.29,5472,10.32,8337,10.28,4106,10.33,4607,10.27,1972,10.34,3277,10.26,4738,10.35,6082,10.25,2599,10.36,1735,10.24,4192,10.37,5001,10.23,3649,10.38,9645,10.22,9772,10.39,7982,10.21,3792,10.4,6688,10.2,6376,0
000001,2017-01-05 10:14:09,20170105,101409000,1483611249000000,1483611249000424,10.31,84,9.95,10.31,10.31,10.3,10.95,8.96,5478686,56455903.1,5252,10.36,10.26,64794,52522,10.32,5331,10.3,6294,10.33,4794,10.29,7982,10.34,7698,10.28,5020,10.35,8683,10.27,4341,10.36,9594,10.26,4421,10.37,3618,10.25,6193,10.38,4589,10.24,9693,10.39,7875,10.23,3343,10.4,3756,10.22,1997,10.41,8856,10.21,3238,0
000001,2017-01-05 10:14:38,20170105,101438000,1483611278000000,1483611278000518,10.33,84,9.95,10.33,10.33,10.33,10.95,8.96,5557824,57273683.14,5263,10.39,10.28,57312,62063,10.34,3814,10.32,6441,10.35,7608,10.31,3356,10.36,5228,10.3,9732,10.37,7414,10.29,6721,10.38,9055,10.28,9471,10.39,5798,10.27,9676,10.4,4084,10.26,5322,10.41,2666,10.25,4309,10.42,8282,10.24,2912,10.43,3363,10.23,4123,0
000001,2017-01-05 10:15:07,20170105,101507000,1483611307000000,1483611306999301,10.32,84,9.95,10.32,10.33,10.31,10.95,8.96,5575767,57458824.11,5295,10.37,10.27,57481,42161,10.33,5443,10.31,3869,10.34,9995,10.3,6264,10.35,1846,10.29,3429,10.36,4713,10.28,2142,10.37,9270,10.27,6073,10.38,2789,10.26,5000,10.39,5716,10.25,5362,10.4,6639,10.24,1263,10.41,8541,10.23,6993,10.42,2529,10.22,1766,0
000001,2017-01-05 10:15:36,20170105,101536000,1483611336000000,1483611335999988,10.3,84,9.95,10.3,10.3,10.3,10.95,8.96,5585931,57563526.4,5366,10.36,10.24,58915,35824,10.31,8370,10.29,3270,10.32,7092,10.28,2863,10.33,1949,10.27,1863,10.34,6012,10.26,1461,10.35,8015,10.25,3685,10.36,5053,10.24,7658,10.37,4914,10.23,1459,10.38,4790,10.22,6067,10.39,3608,10.21,1233,10.4,9112,10.2,6265,0
000001,2017-01-05 10:16:04,20170105,101604000,1483611364000000,1483611363999675,10.31,84,9.95,10.31,10.33,10.3,10.95,8.96,5608922,57800603.04,5380,10.37,10.26,60141,53111,10.32,4529,10.3,6180,10.33,7755,10.29,7540,10.34,7416,10.28,3245,10.35,2061,10.27,9678,10.36,1553,10.26,9636,10.37,6721,10.25,3163,10.38,8409,10.24,5383,10.39,7162,10.23,2239,10.4,5062,10.22,4656,10.41,9473,10.21,1391,0
000001,2017-01-05 10:16:33,20170105,101633000,1483611393000000,1483611392999384,10.31,84,9.95,10.31,10.31,10.3,10.95,8.96,5680437,58537971.94,5421,10.37,10.26,60992,69815,10.32,5721,10.3,9766,10.33,7366,10.29,6703,10.34,5797,10.28,8380,10.35,7157,10.27,8120,10.36,3411,10.26,8129,10.37,8059,10.25,7079,10.38,8037,10.24,9586,10.39,1575,10.23,2060,10.4,7301,10.22,6375,10.41,6568,10.21,3617,0
000001,2017-01-05 10:17:02,20170105,101702000,1483611422000000,1483611421999728,10.3,84,9.95,10.3,10.31,10.3,10.95,8.96,5756402,59320492.67,5448,10.35,10.24,54018,49943,10.31,5811,10.29,3804,10.32,6201,10.28,2233,10.33,8416,10.27,9023,10.34,4823,10.26,6519,10.35,4308,10.25,4057,10.36,4966,10.24,1651,10.37,1648,10.23,4724,10.38,2922,10.22,8107,10.39,8580,10.21,3978,10.4,6343,10.2,5847,0
000001,2017-01-05 10:17:31,20170105,101731000,1483611451000000,1483611451000492,10.32,84,9.95,10.32,10.34,10.31,10.95,8.96,5810379,59877442.07,5492,10.37,10.26,71263,51060,10.33,9975,10.31,2869,10.34,8270,10.3,5378,10.35,3586,10.29,4266,10.36,4592,10.28,5754,10.37,9244,10.27,3787,10.38,7668,10.26,9936,10.39,3909,10.25,1125,10.4,8987,10.24,5568,10.41,5360,10.23,6001,10.42,9672,10.22,6376,0
000001,2017-01-05 10:18:00,20170105,101800000,1483611480000000,1483611479999177,10.29,84,9.95,10.29,10.29,10.29,10.95,8.96,5866340,60453259.03,5543,10.35,10.23,54366,52491,10.3,6761,10.28,3796,10.31,2150,10.27,7643,10.32,8306,10.26,2950,10.33,1337,10.25,6473,10.34,1592,10.24,1135,10.35,3548,10.23,7962,10.36,9510,10.22,4120,10.37,2905,10.21,6478,10.38,9673,10.2,8877,10.39,8584,10.19,3057,0
000001,2017-01-05 10:18:28,20170105,101828000,1483611508000000,1483611507999868,10.26,84,9.95,10.26,10.27,10.26,10.95,8.96,5914937,60951787.53,5640,10.32,10.21,56589,63245,10.27,9463,10.25,8989,10.28,2766,10.24,1421,10.29,1467,10.23,9221,10.3,6630,10.22,7732,10.31,3304,10.21,7914,10.32,5968,10.2,8328,10.33,7392,10.19,4147,10.34,5379,10.18,1226,10.35,8835,10.17,7144,10.36,5385,10.16,7123,0
000001,2017-01-05 10:18:57,20170105,101857000,1483611537000000,1483611536999842,10.24,84,9.95,10.24,10.24,10.23,10.95,8.96,5954166,61353580.27,5692,10.3,10.19,57088,50879,10.25,8184,10.23,6307,10.26,4078,10.22,6182,10.27,1242,10.21,5063,10.28,7753,10.2,1245,10.29,5895,10.19,4095,10.3,2718,10.18,3952,10.31,7885,10.17,6676,10.32,9761,10.16,5648,10.33,8421,10.15,9315,10.34,1151,10.14,2396,0
000001,2017-01-05 10:19:26,20170105,101926000,1483611566000000,1483611565999108,10.24,84,9.95,10.24,10.24,10.24,10.95,8.96,6026602,62095602.45,5748,10.3,10.18,47982,54671,10.25,1246,10.23,1420,10.26,3502,10.22,5910,10.27,4579,10.21,4514,10.28,6139,10.2,6538,10.29,5922,10.19,6648,10.3,4119,10.18,6880,10.31,2971,10.17,7978,10.32,8072,10.16,1175,10.33,7068,10.15,6907,10.34,4364,10.14,6701,0
000001,2017-01-05 10:19:55,20170105,101955000,1483611595000000,1483611595000968,10.26,84,9.95,10.26,10.27,10.25,10.95,8.96,6051597,62352126.44,5771,10.32,10.21,49137,44932,10.27,2287,10.25,9625,10.28,2569,10.24,1593,10.29,2672,10.23,2289,10.3,8629,10.22,2052,10.31,6126,10.21,4763,10.32,8321,10.2,3698,10.33,1922,10.19,5974,10.34,5487,10.18,9687,10.35,5120,10.17,1035,10.36,6004,10.16,4216,0
000001,2017-01-05 10:20:24,20170105,102024000,1483611624000000,1483611624000626,10.28,84,9.95,10.28,10.29,10.27,10.95,8.96,6134618,63205262.65,5829,10.33,10.23,58571,53521,10.29,7297,10.27,8359,10.3,6508,10.26,7819,10.31,5248,10.25,9340,10.32,6501,10.24,2184,10.33,8237,10.23,6199,10.34,1463,10.22,3227,10.35,7391,10.21,3215,10.36,4899,10.2,1666,10.37,8457,10.19,3442,10.38,2570,10.18,8070,0
000001,2017-01-05 10:20:52,20170105,102052000,1483611652000000,1483611652000384,10.27,84,9.95,10.27,10.27,10.25,10.95,8.96,6220799,64089954.4,5923,10.33,10.21,39507,57449,10.28,5440,10.26,6158,10.29,3294,10.25,9424,10.3,2545,10.24,5942,10.31,1015,10.23,5716,10.32,3216,10.22,1393,10.33,2199,10.21,3073,10.34,3364,10.2,6243,10.35,2614,10.19,5307,10.36,6312,10.18,4926,10.37,9508,10.17,9267,0
000001,2017-01-05 10:21:21,20170105,102121000,1483611681000000,1483611681000108,10.28,84,9.95,10.28,10.29,10.27,10.95,8.96,6295074,64853798.98,5988,10.33,10.22,47726,54803,10.29,6865,10.27,7334,10.3,8963,10.26,4344,10.31,6936,10.25,1576,10.32,1083,10.24,3775,10.33,3132,10.23,4316,10.34,2274,10.22,4721,10.35,4248,10.21,4246,10.36,2895,10.2,6593,10.37,2285,10.19,8195,10.38,9045,10.18,9703,0
000001,2017-01-05 10:21:50,20170105,102150000,1483611710000000,1483611709999141,10.25,84,9.95,10.25,10.27,10.25,10.95,8.96,6356114,65479446.21,6078,10.3,10.2,45233,56600,10.26,6015,10.24,6143,10.27,5325,10.23,7215,10.28,1514,10.22,4783,10.29,7646,10.21,9591,10.3,2875,10.2,7819,10.31,6356,10.19,1178,10.32,2492,10.18,4840,10.33,2314,10.17,3660,10.34,5839,10.16,4786,10.35,4857,10.15,6585,0
000001,2017-01-05 10:22:19,20170105,102219000,1483611739000000,1483611739000855,10.25,84,9.95,10.25,10.25,10.24,10.95,8.96,6373646,65659085.56,6107,10.31,10.19,53896,42965,10.26,4102,10.24,5905,10.27,5547,10.23,7086,10.28,4050,10.22,2004,10.29,6717,10.21,1658,10.3,4214,10.2,2027,10.31,5828,10.19,8515,10.32,4541,10.18,5413,10.33,3027,10.17,1352,10.34,8259,10.16,2818,10.35,7611,10.15,6187,0
000001,2017-01-05 10:22:48,20170105,102248000,1483611768000000,1483611768000204,10.25,84,9.95,10.25,10.25,10.23,10.95,8.96,6455193,66494910.4,6196,10.31,10.19,53209,47136,10.26,4422,10.24,1061,10.27,3444,10.23,4270,10.28,4000,10.22,8807,10.29,2006,10.21,2163,10.3,8905,10.2,4640,10.31,5693,10.19,5274,10.32,8628,10.18,9690,10.33,2667,10.17,5260,10.34,6457,10.16,3783,10.35,6987,10.15,2188,0
000001,2017-01-05 10:23:16,20170105,102316000,1483611796000000,1483611795999191,10.27,84,9.95,10.27,10.27,10.26,10.95,8.96,6468439,66630917.68,6255,10.32,10.21,43763,36272,10.28,1102,10.26,3370,10.29,8350,10.25,3046,10.3,1649,10.24,4571,10.31,1131,10.23,5818,10.32,6711,10.22,1757,10.33,7867,10.21,4896,10.34,4009,10.2,1673,10.35,7734,10.19,4776,10.36,3002,10.18,1411,10.37,2208,10.17,4954,0
000001,2017-01-05 10:23:45,20170105,102345000,1483611825000000,1483611824999841,10.24,84,9.95,10.24,10.25,10.24,10.95,8.96,6484567,66796126.26,6349,10.3,10.19,52010,48000,10.25,1817,10.23,1926,10.26,4499,10.22,7549,10.27,7274,10.21,4215,10.28,6693,10.2,3822,10.29,8423,10.19,3050,10.3,4447,10.18,6049,10.31,2762,10.17,9457,10.32,9516,10.16,4397,10.33,1539,10.15,5185,10.34,5040,10.14,2350,0
000001,2017-01-05 10:24:14,20170105,102414000,1483611854000000,1483611853999138,10.27,84,9.95,10.27,10.28,10.26,10.95,8.96,6581759,67793920.43,6438,10.32,10.21,39224,52526,10.28,3530,10.26,6671,10.29,7954,10.25,1923,10.3,2589,10.24,8504,10.31,1288,10.23,6037,10.32,2504,10.22,1889,10.33,3417,10.21,8601,10.34,4880,10.2,7354,10.35,8259,10.19,5366,10.36,2841,10.18,1160,10.37,1962,10.17,5021,0
000001,2017-01-05 10:24:43,20170105,102443000,1483611883000000,1483611882999878,10.28,84,9.95,10.28,10.29,10.26,10.95,8.96,6654510,68541545.53,6479,10.33,10.22,65709,68794,10.29,7576,10.27,2204,10.3,4770,10.26,6930,10.31,9971,10.25,9842,10.32,2542,10.24,8730,10.33,8654,10.23,7462,10.34,2941,10.22,9059,10.35,9276,10.21,8067,10.36,6785,10.2,7820,10.37,7401,10.19,2843,10.38,5793,10.18,5837,0
000001,2017-01-05 10:25:12,20170105,102512000,1483611912000000,1483611911999208,10.28,84,9.95,10.28,10.28,10.27,10.95,8.96,6682079,68824895.6,6550,10.34,10.23,64814,57468,10.29,5531,10.27,7263,10.3,2483,10.26,9620,10.31,8541,10.25,7581,10.32,7213,10.24,1675,10.33,7911,10.23,4612,10.34,4188,10.22,2255,10.35,4157,10.21,5726,10.36,8361,10.2,8945,10.37,9958,10.19,3661,10.38,6471,10.18,6130,0
000001,2017-01-05 10:25:40,20170105,102540000,1483611940000000,1483611939999133,10.26,84,9.95,10.26,10.27,10.25,10.95,8.96,6740173,69420786.54,6623,10.31,10.21,46648,43705,10.27,7877,10.25,4416,10.28,4753,10.24,5555,10.29,4049,10.23,5236,10.3,5641,10.22,5206,10.31,6618,10.21,7096,10.32,2232,10.2,1362,10.33,2430,10.19,3206,10.34,8789,10.18,1457,10.35,3064,10.17,5748,10.36,1195,10.16,4423,0
000001,2017-01-05 10:26:09,20170105,102609000,1483611969000000,1483611969000648,10.23,84,9.95,10.23,10.24,10.22,10.95,8.96,6755138,69573940.39,6645,10.3,10.19,59359,48226,10.24,5713,10.22,5741,10.25,1041,10.21,8325,10.26,1000,10.2,7619,10.27,8340,10.19,7272,10.28,5662,10.18,3295,10.29,9258,10.17,1075,10.3,8407,10.16,1539,10.31,7882,10.15,5293,10.32,3286,10.14,2928,10.33,8770,10.13,5139,0
000001,2017-01-05 10:26:38,20170105,102638000,1483611998000000,1483611998000529,10.21,84,9.95,10.21,10.24,10.21,10.95,8.96,6848982,70532406.99,6741,10.27,10.17,53281,65292,10.22,5407,10.2,9982,10.23,1309,10.19,9804,10.24,2735,10.18,9011,10.25,4162,10.17,1726,10.26,7182,10.16,8099,10.27,7211,10.15,5600,10.28,7423,10.14,8371,10.29,8795,10.13,2828,10.3,6557,10.12,7584,10.31,2500,10.11,2287,0
000001,2017-01-05 10:27:07,20170105,102707000,1483612027000000,1483612027000436,10.18,84,9.95,10.18,10.2,10.18,10.95,8.96,6888822,70938148.56,6815,10.24,10.13,37777,57033,10.19,1146,10.17,7677,10.2,2446,10.16,2437,10.21,1179,10.15,9344,10.22,9198,10.14,9512,10.23,4122,10.13,3865,10.24,4114,10.12,2477,10.25,3559,10.11,8415,10.26,1043,10.1,2431,10.27,7651,10.09,4751,10.28,3319,10.08,6124,0
000001,2017-01-05 10:27:36,20170105,102736000,1483612056000000,1483612055999582,10.16,84,9.95,10.16,10.18,10.16,10.95,8.96,6908923,71142392.8,6897,10.22,10.1,55720,49095,10.17,6644,10.15,1218,10.18,5911,10.14,6575,10.19,5664,10.13,7434,10.2,5597,10.12,1891,10.21,4817,10.11,4942,10.22,2593,10.1,8384,10.23,1859,10.09,2234,10.24,8299,10.08,5023,10.25,8009,10.07,1556,10.26,6327,10.06,9838,0
000001,2017-01-05 10:28:04,20170105,102804000,1483612084000000,1483612083999774,10.17,84,9.95,10.17,10.17,10.16,10.95,8.96,6971790,71781707.18,6957,10.23,10.11,59474,52741,10.18,7238,10.16,4104,10.19,3267,10.15,8221,10.2,7024,10.14,1754,10.21,1046,10.13,6416,10.22,3269,10.12,7284,10.23,9697,10.11,3821,10.24,9103,10.1,3326,10.25,3886,10.09,1431,10.26,5131,10.08,7964,10.27,9813,10.07,8420,0
000001,2017-01-05 10:28:33,20170105,102833000,1483612113000000,1483612113000541,10.16,84,9.95,10.16,10.17,10.16,10.95,8.96,7021105,72282509.16,7026,10.21,10.1,48382,48400,10.17,3705,10.15,2266,10.18,2783,10.14,4996,10.19,9918,10.13,8749,10.2,8335,10.12,8494,10.21,6569,10.11,3275,10.22,2799,10.1,6231,10.23,3015,10.09,1534,10.24,1498,10.08,8027,10.25,5043,10.07,2840,10.26,4717,10.06,1988,0
000001,2017-01-05 10:29:02,20170105,102902000,1483612142000000,1483612142000248,10.19,84,9.95,10.19,10.19,10.18,10.95,8.96,7051543,72592580.32,7071,10.24,10.14,57115,44668,10.2,8856,10.18,8232,10.21,7701,10.17,4784,10.22,1361,10.16,4587,10.23,8207,10.15,7237,10.24,5479,10.14,4399,10.25,7863,10.13,1684,10.26,4198,10.12,7485,10.27,3493,10.11,1447,10.28,5523,10.1,1861,10.29,4434,10.09,2952,0
000001,2017-01-05 10:29:31,20170105,102931000,1483612171000000,1483612171000854,10.18,84,9.95,10.18,10.18,10.18,10.95,8.96,7136842,73461183.19,7103,10.23,10.13,63068,75097,10.19,5203,10.17,6555,10.2,9562,10.16,9767,10.21,7833,10.15,6788,10.22,7493,10.14,4635,10.23,7850,10.13,3277,10.24,2291,10.12,9944,10.25,7647,10.11,7898,10.26,4723,10.1,9232,10.27,3867,10.09,9034,10.28,6599,10.08,7967,0
000001,2017-01-05 10:30:00,20170105,103000000,1483612200000000,1483612199999531,10.19,84,9.95,10.19,10.2,10.19,10.95,8.96,7219581,74304253.28,7175,10.24,10.13,54906,54577,10.2,5411,10.18,3114,10.21,6524,10.17,5980,10.22,9926,10.16,2792,10.23,2559,10.15,6857,10.24,7248,10.14,8834,10.25,1412,10.13,5627,10.26,1977,10.12,4688,10.27,4986,10.11,8956,10.28,6425,10.1,2173,10.29,8438,10.09,5556,0
000001,2017-01-05 10:30:28,20170105,103028000,1483612228000000,1483612228000532,10.2,84,9.95,10.2,10.21,10.19,10.95,8.96,7233480,74446023.6,7211,10.25,10.14,61932,47344,10.21,8068,10.19,2966,10.22,6683,10.18,8413,10.23,2851,10.17,2449,10.24,9881,10.16,5977,10.25,8774,10.15,1312,10.26,1750,10.14,3283,10.27,8257,10.13,3030,10.28,5109,10.12,5616,10.29,5442,10.11,9535,10.3,5117,10.1,4763,0
000001,2017-01-05 10:30:57,20170105,103057000,1483612257000000,1483612257000384,10.19,84,9.95,10.19,10.19,10.18,10.95,8.96,7333231,75462806.08,7231,10.25,10.13,60255,57900,10.2,6870,10.18,4401,10.21,4333,10.17,7762,10.22,4615,10.16,2449,10.23,4814,10.15,7271,10.24,4218,10.14,2747,10.25,7380,10.13,5948,10.26,8409,10.12,7916,10.27,5413,10.11,7113,10.28,6606,10.1,2311,10.29,7597,10.09,9982,0
000001,2017-01-05 10:31:26,20170105,103126000,1483612286000000,1483612286000926,10.19,84,9.95,10.19,10.19,10.17,10.95,8.96,7379919,75938373.23,7253,10.24,10.13,42522,53734,10.2,4727,10.18,6969,10.21,4934,10.17,4415,10.22,7879,10.16,9524,10.23,4684,10.15,2555,10.24,1253,10.14,2511,10.25,2704,10.13,5257,10.26,5278,10.12,9263,10.27,1065,10.11,8227,10.28,6022,10.1,3875,10.29,3976,10.09,1138,0
000001,2017-01-05 10:31:55,20170105,103155000,1483612315000000,1483612315000797,10.19,84,9.95,10.19,10.2,10.19,10.95,8.96,7455017,76703885.32,7321,10.25,10.13,55318,49789,10.2,7720,10.18,1532,10.21,3334,10.17,5164,10.22,1340,10.16,1533,10.23,1919,10.15,9910,10.24,8752,10.14,2865,10.25,9085,10.13,7790,10.26,4970,10.12,7280,10.27,5072,10.11,1127,10.28,4554,10.1,8805,10.29,8572,10.09,3783,0
000001,2017-01-05 10:32:24,20170105,103224000,1483612344000000,1483612344000206,10.19,84,9.95,10.19,10.19,10.19,10.95,8.96,7546967,77641089.14,7339,10.25,10.13,56929,73429,10.2,7084,10.18,3714,10.21,5630,10.17,9081,10.22,6370,10.16,8387,10.23,6661,10.15,7148,10.24,7804,10.14,2851,10.25,4863,10.13,6558,10.26,1501,10.12,9195,10.27,1611,10.11,9793,10.28,8987,10.1,7656,10.29,6418,10.09,9046,0
000001,2017-01-05 10:32:52,20170105,103252000,1483612372000000,1483612371999705,10.19,84,9.95,10.19,10.2,10.19,10.95,8.96,7583353,78012013.3,7377,10.26,10.14,48468,53406,10.2,3796,10.18,5408,10.21,2053,10.17,6297,10.22,3739,10.16,4641,10.23,2895,10.15,1378,10.24,2238,10.14,8912,10.25,7746,10.13,3888,10.26,7617,10.12,9370,10.27,7319,10.11,4907,10.28,4152,10.1,6584,10.29,6913,10.09,2021,0
000001,2017-01-05 10:33:21,20170105,103321000,1483612401000000,1483612401000675,10.19,84,9.95,10.19,10.2,10.17,10.95,8.96,7645316,78643264.29,7466,10.25,10.13,56062,61732,10.2,4537,10.18,9432,10.21,1964,10.17,7498,10.22,2452,10.16,3862,10.23,7657,10.15,4935,10.24,4000,10.14,7369,10.25,9222,10.13,1524,10.26,3996,10.12,5884,10.27,6757,10.11,6978,10.28,9348,10.1,6011,10.29,6129,10.09,8239,0
000001,2017-01-05 10:33:50,20170105,103350000,1483612430000000,1483612429999526,10.18,84,9.95,10.18,10.19,10.17,10.95,8.96,7709970,79301406.18,7563,10.23,10.12,64472,77411,10.19,9284,10.17,6339,10.2,6705,10.16,9689,10.21,6991,10.15,6797,10.22,6331,10.14,9799,10.23,8404,10.13,6719,10.24,8649,10.12,6422,10.25,1977,10.11,8450,10.26,6522,10.1,5432,10.27,8351,10.09,7802,10.28,1258,10.08,9962,0
000001,2017-01-05 10:34:19,20170105,103419000,1483612459000000,1483612459000286,10.23,84,9.95,10.23,10.24,10.22,10.95,8.96,7785119,80070279.55,7594,10.29,10.17,53296,51128,10.24,8885,10.22,3608,10.25,2634,10.21,2379,10.26,6463,10.2,1470,10.27,1034,10.19,6582,10.28,6816,10.18,9399,10.29,1156,10.17,9965,10.3,8441,10.16,5039,10.31,7757,10.15,1659,10.32,6268,10.14,2999,10.33,3842,10.13,8028,0
000001,2017-01-05 10:34:48,20170105,103448000,1483612488000000,1483612488000397,10.22,84,9.95,10.22,10.22,10.21,10.95,8.96,7872716,80965197.45,7679,10.27,10.16,39969,59077,10.23,4461,10.21,7583,10.24,1871,10.2,2647,10.25,5522,10.19,6692,10.26,1656,10.18,8805,10.27,4128,10.17,9016,10.28,2219,10.16,3635,10.29,6381,10.15,7494,10.3,4699,10.14,5848,10.31,6369,10.13,3903,10.32,2663,10.12,3454,0
000001,2017-01-05 10:35:16,20170105,103516000,1483612516000000,1483612516000412,10.19,84,9.95,10.19,10.2,10.18,10.95,8.96,7929855,81547726.93,7740,10.25,10.14,45089,67434,10.2,1349,10.18,6050,10.21,7141,10.17,8850,10.22,3741,10.16,7989,10.23,3311,10.15,9243,10.24,3781,10.14,7934,10.25,6625,10.13,1068,10.26,3506,10.12,9795,10.27,8257,10.11,3991,10.28,4146,10.1,7523,10.29,3232,10.09,4991,0
000001,2017-01-05 10:35:45,20170105,103545000,1483612545000000,1483612544999004,10.23,84,9.95,10.23,10.26,10.23,10.95,8.96,8012125,82389677.69,7750,10.3,10.18,55080,49343,10.24,6135,10.22,2334,10.25,3666,10.21,4004,10.26,4472,10.2,5398,10.27,2160,10.19,2010,10.28,5084,10.18,8945,10.29,1744,10.17,9091,10.3,7937,10.16,4133,10.31,7430,10.15,4490,10.32,9692,10.14,2231,10.33,6760,10.13,6707,0
000001,2017-01-05 10:36:14,20170105,103614000,1483612574000000,1483612573999549,10.2,84,9.95,10.2,10.2,10.19,10.95,8.96,8109040,83377894.24,7772,10.25,10.15,46277,62545,10.21,9342,10.19,7822,10.22,1759,10.18,9618,10.23,4441,10.17,8373,10.24,8394,10.16,9292,10.25,3700,10.15,3003,10.26,4095,10.14,2038,10.27,2201,10.13,2067,10.28,1792,10.12,8788,10.29,4774,10.11,4926,10.3,5779,10.1,6618,0
000001,2017-01-05 10:36:43,20170105,103643000,1483612603000000,1483612602999505,10.14,84,9.95,10.14,10.16,10.14,10.95,8.96,8191442,84213609.2,7815,10.2,10.08,38207,59486,10.15,2304,10.13,1556,10.16,2044,10.12,1805,10.17,5591,10.11,7913,10.18,1344,10.1,8583,10.19,8800,10.09,1951,10.2,7305,10.08,8770,10.21,1650,10.07,9950,10.22,4533,10.06,9532,10.23,1798,10.05,1932,10.24,2838,10.04,7494,0
000001,2017-01-05 10:37:12,20170105,103712000,1483612632000000,1483612631999531,10.13,84,9.95,10.13,10.13,10.12,10.95,8.96,8221565,84518682.04,7904,10.18,10.07,47098,68865,10.14,8208,10.12,7113,10.15,1632,10.11,1440,10.16,1030,10.1,3654,10.17,9638,10.09,5498,10.18,6256,10.08,7029,10.19,5597,10.07,9566,10.2,2565,10.06,9519,10.21,7275,10.05,9433,10.22,1987,10.04,8427,10.23,2910,10.03,7186,0
000001,2017-01-05 10:37:40,20170105,103740000,1483612660000000,1483612660000942,10.14,84,9.95,10.14,10.16,10.14,10.95,8.96,8291184,85224846.31,7976,10.2,10.08,64245,49229,10.15,6772,10.13,1849,10.16,3691,10.12,1453,10.17,6564,10.11,5432,10.18,7854,10.1,9560,10.19,6976,10.09,3312,10.2,5000,10.08,3779,10.21,3911,10.07,5835,10.22,6959,10.06,5149,10.23,9591,10.05,5600,10.24,6927,10.04,7260,0
000001,2017-01-05 10:38:09,20170105,103809000,1483612689000000,1483612689000953,10.12,84,9.95,10.12,10.12,10.11,10.95,8.96,8360830,85929368.75,8072,10.17,10.05,56931,50529,10.13,7438,10.11,1270,10.14,7596,10.1,5012,10.15,3670,10.09,2978,10.16,4369,10.08,6912,10.17,6774,10.07,2236,10.18,1625,10.06,4146,10.19,9037,10.05,9504,10.2,2201,10.04,2923,10.21,6555,10.03,7233,10.22,7666,10.02,8315,0
000001,2017-01-05 10:38:38,20170105,103838000,1483612718000000,1483612717999953,10.11,84,9.95,10.11,10.13,10.11,10.95,8.96,8426486,86593475.67,8128,10.16,10.06,56840,41782,10.12,9968,10.1,1592,10.13,5252,10.09,4141,10.14,7179,10.08,7967,10.15,8316,10.07,2681,10.16,2018,10.06,4737,10.17,5078,10.05,5368,10.18,2993,10.04,2775,10.19,8635,10.03,2621,10.2,1630,10.02,6486,10.21,5771,10.01,3414,0
000001,2017-01-05 10:39:07,20170105,103907000,1483612747000000,1483612746999096,10.11,84,9.95,10.11,10.11,10.11,10.95,8.96,8504719,87384097.02,8203,10.16,10.05,54483,39732,10.12,9655,10.1,1614,10.13,2640,10.09,2588,10.14,5871,10.08,7019,10.15,3904,10.07,1215,10.16,1197,10.06,3331,10.17,4486,10.05,5006,10.18,6031,10.04,5424,10.19,1418,10.03,1229,10.2,9737,10.02,9956,10.21,9544,10.01,2350,0
000001,2017-01-05 10:39:36,20170105,103936000,1483612776000000,1483612775999426,10.1,84,9.95,10.1,10.11,10.09,10.95,8.96,8580109,88145612.11,8268,10.16,10.05,47512,52060,10.11,2184,10.09,7027,10.12,5452,10.08,5253,10.13,1554,10.07,5238,10.14,8423,10.06,2798,10.15,4092,10.05,6303,10.16,1912,10.04,4219,10.17,3097,10.03,2575,10.18,6937,10.02,7570,10.19,8941,10.01,2585,10.2,4920,10.0,8492,0
000001,2017-01-05 10:40:04,20170105,104004000,1483612804000000,1483612804000859,10.08,84,9.95,10.08,10.08,10.07,10.95,8.96,8621076,88558375.55,8305,10.13,10.02,45000,60702,10.09,2351,10.07,5121,10.1,4910,10.06,4714,10.11,5184,10.05,2353,10.12,4309,10.04,4982,10.13,5380,10.03,7000,10.14,2256,10.02,9489,10.15,8013,10.01,7121,10.16,3559,10.0,9236,10.17,6567,9.99,5405,10.18,2471,9.98,5281,0
000001,2017-01-05 10:40:33,20170105,104033000,1483612833000000,1483612832999418,10.06,84,9.95,10.06,10.06,10.05,10.95,8.96,8645249,88801456.45,8381,10.11,10.0,44184,74346,10.07,5718,10.05,9188,10.08,2139,10.04,4971,10.09,6648,10.03,9443,10.1,1148,10.02,8131,10.11,6769,10.01,8564,10.12,4193,10.0,8654,10.13,6681,9.99,9385,10.14,3314,9.98,5197,10.15,2891,9.97,9353,10.16,4683,9.96,1460,0
000001,2017-01-05 10:41:02,20170105,104102000,1483612862000000,1483612862000902,10.06,84,9.95,10.06,10.07,10.06,10.95,8.96,8735666,89710907.9,8422,10.11,9.99,74812,50476,10.07,5111,10.05,1222,10.08,9332,10.04,1134,10.09,8245,10.03,9318,10.1,9526,10.02,3142,10.11,7511,10.01,1137,10.12,7850,10.0,7603,10.13,7464,9.99,4453,10.14,8179,9.98,4944,10.15,5720,9.97,8245,10.16,5874,9.96,9278,0
000001,2017-01-05 10:41:31,20170105,104131000,1483612891000000,1483612891000868,10.03,84,9.95,10.03,10.04,10.02,10.95,8.96,8807393,90430029.8,8517,10.08,9.97,38875,67183,10.04,1068,10.02,5373,10.05,3166,10.01,6774,10.06,8616,10.0,8873,10.07,2964,9.99,5143,10.08,6994,9.98,7766,10.09,2287,9.97,5166,10.1,3043,9.96,9318,10.11,1444,9.95,5849,10.12,8024,9.94,4267,10.13,1269,9.93,8654,0
000001,2017-01-05 10:42:00,20170105,104200000,1483612920000000,1483612919999091,10.03,84,9.95,10.03,10.04,10.01,10.95,8.96,8837985,90736755.48,8534,10.08,9.97,60573,46289,10.04,5597,10.02,1144,10.05,4624,10.01,5240,10.06,5824,10.0,2449,10.07,8202,9.99,7604,10.08,8669,9.98,9859,10.09,2134,9.97,4762,10.1,7257,9.96,3110,10.11,6730,9.95,4922,10.12,2155,9.94,3645,10.13,9381,9.93,3554,0
000001,2017-01-05 10:42:28,20170105,104228000,1483612948000000,1483612948000256,10.0,84,9.95,10.0,10.0,9.99,10.95,8.96,8901203,91368713.32,8611,10.06,9.94,52568,54169,10.01,2041,9.99,2245,10.02,2517,9.98,2267,10.03,8025,9.97,9398,10.04,1075,9.96,4705,10.05,1712,9.95,4616,10.06,9253,9.94,6231,10.07,5163,9.93,7276,10.08,9957,9.92,9092,10.09,4232,9.91,6328,10.1,8593,9.9,2011,0
000001,2017-01-05 10:42:57,20170105,104257000,1483612977000000,1483612976999727,10.0,84,9.95,10.0,10.0,10.0,10.95,8.96,8948381,91840613.25,8658,10.05,9.95,32998,61879,10.01,9861,9.99,9386,10.02,2568,9.98,9299,10.03,1915,9.97,4815,10.04,5327,9.96,1345,10.05,1331,9.95,8060,10.06,1929,9.94,2052,10.07,2015,9.93,2805,10.08,3264,9.92,5803,10.09,2071,9.91,9938,10.1,2717,9.9,8376,0
000001,2017-01-05 10:43:26,20170105,104326000,1483613006000000,1483613005999428,10.0,84,9.95,10.0,10.01,9.99,10.95,8.96,8961988,91976658.11,8748,10.06,9.94,47223,53645,10.01,2099,9.99,1233,10.02,2396,9.98,5426,10.03,4721,9.97,8381,10.04,6344,9.96,2768,10.05,2081,9.95,5750,10.06,7366,9.94,9692,10.07,9311,9.93,7690,10.08,3383,9.92,2237,10.09,4445,9.91,7584,10.1,5077,9.9,2884,0
000001,2017-01-05 10:43:55,20170105,104355000,1483613035000000,1483613034999955,9.98,84,9.95,9.98,9.99,9.98,10.95,8.96,9001030,92366278.53,8824,10.04,9.93,62561,57922,9.99,8402,9.97,7723,10.0,1107,9.96,2218,10.01,4071,9.95,6509,10.02,8357,9.94,8660,10.03,3217,9.93,8631,10.04,7655,9.92,8989,10.05,4536,9.91,6279,10.06,8122,9.9,5438,10.07,9586,9.89,1404,10.08,7508,9.88,2071,0
000001,2017-01-05 10:44:24,20170105,104424000,1483613064000000,1483613064000349,9.97,84,9.95,9.97,9.97,9.97,10.95,8.96,9016451,92520054.0,8839,10.03,9.91,65491,65031,9.98,6874,9.96,7408,9.99,7859,9.95,3244,10.0,8165,9.94,5071,10.01,7219,9.93,8084,10.02,2086,9.92,5089,10.03,2753,9.91,7866,10.04,9151,9.9,8009,10.05,6741,9.89,8889,10.06,8738,9.88,4896,10.07,5905,9.87,6475,0
000001,2017-01-05 10:44:52,20170105,104452000,1483613092000000,1483613092000495,9.96,84,9.95,9.96,9.96,9.96,10.95,8.96,9068785,93041123.59,8919,10.01,9.91,54608,63232,9.97,2712,9.95,9510,9.98,4396,9.94,8230,9.99,7300,9.93,2934,10.0,8097,9.92,4658,10.01,8343,9.91,8835,10.02,2046,9.9,7830,10.03,7095,9.89,6543,10.04,2418,9.88,8669,10.05,6344,9.87,3290,10.06,5857,9.86,2733,0
000001,2017-01-05 10:45:21,20170105,104521000,1483613121000000,1483613120999393,9.96,84,9.95,9.96,9.98,9.95,10.95,8.96,9101523,93367185.17,8940,10.01,9.91,61424,51380,9.97,3032,9.95,6757,9.98,8583,9.94,9988,9.99,9220,9.93,4189,10.0,6255,9.92,3708,10.01,8499,9.91,2454,10.02,5939,9.9,4513,10.03,4620,9.89,1302,10.04,5889,9.88,6591,10.05,1173,9.87,4533,10.06,8214,9.86,7345,0
000001,2017-01-05 10:45:50,20170105,104550000,1483613150000000,1483613150000296,9.96,84,9.95,9.96,9.97,9.95,10.95,8.96,9133034,93680967.32,8963,10.01,9.9,55516,54828,9.97,6329,9.95,4634,9.98,7251,9.94,8228,9.99,1878,9.93,5348,10.0,6030,9.92,2766,10.01,4436,9.91,1077,10.02,9013,9.9,6404,10.03,8104,9.89,9842,10.04,7729,9.88,9929,10.05,1906,9.87,1774,10.06,2840,9.86,4826,0
000001,2017-01-05 10:46:19,20170105,104619000,1483613179000000,1483613178999837,9.98,84,9.95,9.98,9.98,9.96,10.95,8.96,9147788,93828156.55,8973,10.02,9.91,62944,62808,9.99,6220,9.97,2256,10.0,8871,9.96,5755,10.01,8170,9.95,3251,10.02,7595,9.94,7812,10.03,9886,9.93,5280,10.04,6159,9.92,8780,10.05,3847,9.91,7407,10.06,3293,9.9,8092,10.07,5809,9.89,5447,10.08,3094,9.88,8728,0
000001,2017-01-05 10:46:48,20170105,104648000,1483613208000000,1483613207999409,10.02,84,9.95,10.02,10.04,10.01,10.95,8.96,9194809,94299379.54,9008,10.08,9.97,62897,51001,10.03,7423,10.01,7413,10.04,4322,10.0,7665,10.05,7986,9.99,6379,10.06,4849,9.98,5618,10.07,9886,9.97,3732,10.08,3136,9.96,1285,10.09,9188,9.95,2077,10.1,3293,9.94,4940,10.11,7240,9.93,5489,10.12,5574,9.92,6403,0
000001,2017-01-05 10:47:16,20170105,104716000,1483613236000000,1483613236000064,10.03,84,9.95,10.03,10.04,10.03,10.95,8.96,9243738,94790198.16,9095,10.09,9.98,63205,60078,10.04,4128,10.02,8040,10.05,9883,10.01,7536,10.06,6315,10.0,1546,10.07,2881,9.99,4722,10.08,9245,9.98,9635,10.09,6504,9.97,8480,10.1,7704,9.96,1075,10.11,4510,9.95,7046,10.12,3999,9.94,8744,10.13,8036,9.93,3254,0
000001,2017-01-05 10:47:45,20170105,104745000,1483613265000000,1483613265000678,9.97,84,9.95,9.97,9.98,9.96,10.95,8.96,9273801,95089828.04,9161,10.03,9.91,50963,56416,9.98,3763,9.96,2316,9.99,4216,9.95,1667,10.0,5894,9.94,8837,10.01,4736,9.93,8957,10.02,1253,9.92,5405,10.03,3393,9.91,7394,10.04,6472,9.9,6434,10.05,5469,9.89,3582,10.06,8191,9.88,8685,10.07,7576,9.87,3139,0
000001,2017-01-05 10:48:14,20170105,104814000,1483613294000000,1483613294000139,9.97,84,9.95,9.97,9.99,9.96,10.95,8.96,9336167,95711854.83,9185,10.03,9.93,59505,49914,9.98,5373,9.96,9923,9.99,7227,9.95,5893,10.0,9545,9.94,1244,10.01,2854,9.93,5991,10.02,5436,9.92,5459,10.03,1619,9.91,5006,10.04,2341,9.9,5550,10.05,9284,9.89,3127,10.06,6940,9.88,6129,10.07,8886,9.87,1592,0
000001,2017-01-05 10:48:43,20170105,104843000,1483613323000000,1483613322999453,9.95,84,9.95,9.95,9.96,9.94,10.95,8.96,9360144,95950479.4,9211,10.01,9.9,45368,45310,9.96,1631,9.94,2756,9.97,5984,9.93,3572,9.98,9316,9.92,5574,9.99,5039,9.91,3271,10.0,1040,9.9,9129,10.01,4635,9.89,8211,10.02,5317,9.88,1940,10.03,6747,9.87,2961,10.04,2162,9.86,4378,10.05,3497,9.85,3518,0
000001,2017-01-05 10:49:12,20170105,104912000,1483613352000000,1483613351999505,10.0,84,9.95,10.0,10.0,10.0,10.95,8.96,9392574,96274821.84,9275,10.05,9.94,47816,50115,10.01,1140,9.99,5485,10.02,8011,9.98,2177,10.03,6309,9.97,1355,10.04,9836,9.96,5941,10.05,3746,9.95,8829,10.06,1746,9.94,2342,10.07,3169,9.93,6200,10.08,6448,9.92,7567,10.09,1375,9.91,8390,10.1,6036,9.9,1829,0
000001,2017-01-05 10:49:40,20170105,104940000,1483613380000000,1483613380000795,9.98,84,9.95,9.98,10.0,9.96,10.95,8.96,9408622,96435043.45,9371,10.04,9.93,53366,67420,9.99,4890,9.97,9932,10.0,3733,9.96,3684,10.01,5747,9.95,3175,10.02,8017,9.94,9316,10.03,5393,9.93,3640,10.04,1953,9.92,7867,10.05,3901,9.91,8673,10.06,3987,9.9,5026,10.07,7746,9.89,6833,10.08,7999,9.88,9274,0
000001,2017-01-05 10:50:09,20170105,105009000,1483613409000000,1483613408999747,9.95,84,9.95,9.95,9.96,9.95,10.95,8.96,9480417,97149578.22,9451,10.0,9.89,65628,48823,9.96,7505,9.94,3549,9.97,8430,9.93,3765,9.98,9617,9.92,7170,9.99,8958,9.91,4719,10.0,5892,9.9,2913,10.01,2214,9.89,1399,10.02,5272,9.88,6851,10.03,6042,9.87,7449,10.04,9109,9.86,9380,10.05,2589,9.85,1628,0
000001,2017-01-05 10:50:38,20170105,105038000,1483613438000000,1483613437999700,9.95,84,9.95,9.95,9.96,9.94,10.95,8.96,9573074,98071246.73,9503,10.0,9.9,57347,50737,9.96,8461,9.94,4919,9.97,9058,9.93,9373,9.98,1142,9.92,2225,9.99,2119,9.91,7203,10.0,8412,9.9,4298,10.01,8058,9.89,3379,10.02,7382,9.88,4233,10.03,6070,9.87,7990,10.04,3813,9.86,5722,10.05,2832,9.85,1395,0
000001,2017-01-05 10:51:07,20170105,105107000,1483613467000000,1483613466999148,9.93,84,9.95,9.93,9.94,9.91,10.95,8.96,9639869,98734592.13,9600,9.99,9.88,63368,58092,9.94,5236,9.92,7832,9.95,8358,9.91,9176,9.96,9547,9.9,9798,9.97,3155,9.89,1870,9.98,8485,9.88,1764,9.99,4637,9.87,8466,10.0,1546,9.86,2832,10.01,8100,9.85,8311,10.02,7294,9.84,6797,10.03,7010,9.83,1246,0
000001,2017-01-05 10:51:36,20170105,105136000,1483613496000000,1483613496000085,9.91,84,9.95,9.91,9.92,9.91,10.95,8.96,9665262,98986330.45,9613,9.98,9.85,44326,39904,9.92,1356,9.9,4539,9.93,2903,9.89,3824,9.94,2142,9.88,3231,9.95,6625,9.87,1614,9.96,4498,9.86,1447,9.97,4661,9.85,7044,9.98,4147,9.84,1207,9.99,9383,9.83,2766,10.0,1020,9.82,5683,10.01,7591,9.81,8549,0
000001,2017-01-05 10:52:04,20170105,105204000,1483613524000000,1483613523999978,9.92,84,9.95,9.92,9.92,9.92,10.95,8.96,9685971,99191726.23,9671,9.97,9.86,51072,60501,9.93,4303,9.91,1379,9.94,2046,9.9,4341,9.95,9917,9.89,5134,9.96,6924,9.88,2767,9.97,3289,9.87,9252,9.98,4949,9.86,9605,9.99,5541,9.85,8196,10.0,8029,9.84,3269,10.01,1475,9.83,8418,10.02,4599,9.82,8140,0
000001,2017-01-05 10:52:33,20170105,105233000,1483613553000000,1483613553000583,9.93,84,9.95,9.93,9.93,9.93,10.95,8.96,9710932,99439590.74,9708,9.99,9.87,55933,39113,9.94,1977,9.92,3504,9.95,4934,9.91,1509,9.96,9134,9.9,1864,9.97,9205,9.89,6865,9.98,3588,9.88,6194,9.99,2878,9.87,3441,10.0,3675,9.86,3213,10.01,6705,9.85,4548,10.02,5115,9.84,3776,10.03,8722,9.83,4199,0
000001,2017-01-05 10:53:02,20170105,105302000,1483613582000000,1483613582000075,9.9,84,9.95,9.9,9.92,9.9,10.95,8.96,9727913,99607755.04,9753,9.95,9.84,55266,67789,9.91,1458,9.89,6998,9.92,8241,9.88,3332,9.93,9360,9.87,3573,9.94,7024,9.86,9946,9.95,9887,9.85,3247,9.96,1908,9.84,8082,9.97,2783,9.83,8724,9.98,3998,9.82,6567,9.99,5662,9.81,7514,10.0,4945,9.8,9806,0
000001,2017-01-05 10:53:31,20170105,105331000,1483613611000000,1483613610999646,9.89,84,9.95,9.89,9.92,9.89,10.95,8.96,9774072,100064445.77,9799,9.95,9.84,48458,46648,9.9,4388,9.88,5836,9.91,8219,9.87,5976,9.92,1640,9.86,3764,9.93,6003,9.85,5138,9.94,9706,9.84,1033,9.95,1728,9.83,9530,9.96,1660,9.82,2210,9.97,5678,9.81,6720,9.98,7577,9.8,2770,9.99,1859,9.79,3671,0
000001,2017-01-05 10:54:00,20170105,105400000,1483613640000000,1483613639999529,9.86,84,9.95,9.86,9.86,9.84,10.95,8.96,9869446,101004587.61,9828,9.91,9.8,65157,57845,9.87,9808,9.85,9816,9.88,2197,9.84,4271,9.89,1282,9.83,1575,9.9,7661,9.82,7583,9.91,8903,9.81,3396,9.92,9302,9.8,6887,9.93,7559,9.79,6925,9.94,3489,9.78,3442,9.95,8171,9.77,8289,9.96,6785,9.76,5661,0
000001,2017-01-05 10:54:28,20170105,105428000,1483613668000000,1483613667999506,9.84,84,9.95,9.84,9.84,9.84,10.95,8.96,9956493,101861109.68,9923,9.89,9.78,39565,49655,9.85,2318,9.83,4302,9.86,9176,9.82,3929,9.87,3039,9.81,5853,9.88,3675,9.8,3254,9.89,3116,9.79,1461,9.9,3640,9.78,9060,9.91,3736,9.77,4624,9.92,4228,9.76,1709,9.93,4951,9.75,7927,9.94,1686,9.74,7536,0
000001,2017-01-05 10:54:57,20170105,105457000,1483613697000000,1483613697000779,9.81,84,9.95,9.81,9.81,9.79,10.95,8.96,10005605,102342674.6,9993,9.86,9.75,38871,50849,9.82,1817,9.8,7476,9.83,8004,9.79,5704,9.84,1334,9.78,1365,9.85,5655,9.77,9152,9.86,8893,9.76,6092,9.87,3886,9.75,3859,9.88,1092,9.74,1901,9.89,1971,9.73,9970,9.9,1603,9.72,1340,9.91,4616,9.71,3990,0
000001,2017-01-05 10:55:26,20170105,105526000,1483613726000000,1483613725999887,9.82,84,9.95,9.82,9.82,9.8,10.95,8.96,10064939,102925253.01,10008,9.88,9.77,36720,51177,9.83,1172,9.81,4489,9.84,4605,9.8,8596,9.85,6638,9.79,7928,9.86,1516,9.78,3535,9.87,1354,9.77,3197,9.88,2267,9.76,5868,9.89,3164,9.75,1454,9.9,1184,9.74,5746,9.91,9691,9.73,9315,9.92,5129,9.72,1049,0
000001,2017-01-05 10:55:55,20170105,105555000,1483613755000000,1483613755000869,9.82,84,9.95,9.82,9.82,9.81,10.95,8.96,10085206,103124214.63,10068,9.87,9.77,51419,53452,9.83,6466,9.81,4554,9.84,8005,9.8,8921,9.85,4677,9.79,9320,9.86,3721,9.78,4042,9.87,2554,9.77,4790,9.88,8637,9.76,2655,9.89,3404,9.75,1632,9.9,4555,9.74,9113,9.91,6096,9.73,6103,9.92,3304,9.72,2322,0
000001,2017-01-05 10:56:24,20170105,105624000,1483613784000000,1483613784000992,9.85,84,9.95,9.85,9.85,9.84,10.95,8.96,10174577,104004117.49,10121,9.9,9.79,58781,47858,9.86,4517,9.84,3147,9.87,2651,9.83,6568,9.88,7094,9.82,4565,9.89,5743,9.81,6521,9.9,7017,9.8,1481,9.91,9960,9.79,4628,9.92,3642,9.78,2884,9.93,6536,9.77,6221,9.94,2797,9.76,3652,9.95,8824,9.75,8191,0
000001,2017-01-05 10:56:52,20170105,105652000,1483613812000000,1483613811999517,9.86,84,9.95,9.86,9.87,9.86,10.95,8.96,10219364,104445933.1,10171,9.91,9.8,49704,43374,9.87,3774,9.85,1974,9.88,8358,9.84,1362,9.89,9633,9.83,2259,9.9,5063,9.82,7054,9.91,5827,9.81,8512,9.92,2128,9.8,6477,9.93,8817,9.79,1939,9.94,1775,9.78,3163,9.95,1149,9.77,1399,9.96,3180,9.76,9235,0
000001,2017-01-05 10:57:21,20170105,105721000,1483613841000000,1483613840999451,9.85,84,9.95,9.85,9.87,9.85,10.95,8.96,10276514,105009128.79,10201,9.9,9.8,56614,57404,9.86,9790,9.84,7137,9.87,5208,9.83,5491,9.88,8472,9.82,6748,9.89,7017,9.81,2556,9.9,3556,9.8,5978,9.91,9828,9.79,9698,9.92,1570,9.78,5552,9.93,4675,9.77,7209,9.94,1314,9.76,5994,9.95,5184,9.75,1041,0
000001,2017-01-05 10:57:50,20170105,105750000,1483613870000000,1483613870000647,9.86,84,9.95,9.86,9.88,9.86,10.95,8.96,10293084,105172584.36,10255,9.92,9.82,60814,55306,9.87,9435,9.85,8755,9.88,8138,9.84,9721,9.89,4118,9.83,2960,9.9,5624,9.82,7086,9.91,4872,9.81,4745,9.92,4694,9.8,7375,9.93,9726,9.79,4024,9.94,4902,9.78,6426,9.95,1859,9.77,2505,9.96,7446,9.76,1709,0
000001,2017-01-05 10:58:19,20170105,105819000,1483613899000000,1483613899000383,9.87,84,9.95,9.87,9.89,9.86,10.95,8.96,10331087,105547577.63,10338,9.93,9.82,59537,46825,9.88,7318,9.86,2875,9.89,5517,9.85,4639,9.9,2410,9.84,9878,9.91,3952,9.83,3904,9.92,4766,9.82,7945,9.93,5244,9.81,1810,9.94,4988,9.8,5502,9.95,8283,9.79,6964,9.96,7225,9.78,1876,9.97,9834,9.77,1432,0
000001,2017-01-05 10:58:48,20170105,105848000,1483613928000000,1483613927999150,9.87,84,9.95,9.87,9.87,9.86,10.95,8.96,10407068,106297362.77,10435,9.92,9.82,72728,50627,9.88,6811,9.86,9397,9.89,8952,9.85,5114,9.9,8181,9.84,3216,9.91,9383,9.83,7237,9.92,7419,9.82,3557,9.93,1140,9.81,6785,9.94,9606,9.8,3259,9.95,8060,9.79,1558,9.96,3742,9.78,5562,9.97,9434,9.77,4942,0
000001,2017-01-05 10:59:16,20170105,105916000,1483613956000000,1483613956000513,9.85,84,9.95,9.85,9.87,9.83,10.95,8.96,10481886,107034246.49,10514,9.9,9.79,50375,57216,9.86,2663,9.84,2440,9.87,4133,9.83,4972,9.88,6166,9.82,2965,9.89,6238,9.81,9132,9.9,7273,9.8,2467,9.91,7091,9.79,7409,9.92,7981,9.78,7589,9.93,1852,9.77,7086,9.94,4710,9.76,4307,9.95,2268,9.75,8849,0
000001,2017-01-05 10:59:45,20170105,105945000,1483613985000000,1483613985000625,9.86,84,9.95,9.86,9.87,9.86,10.95,8.96,10521677,107426694.27,10529,9.92,9.81,57978,54149,9.87,1728,9.85,7492,9.88,7788,9.84,3475,9.89,7275,9.83,8162,9.9,1715,9.82,3429,9.91,3976,9.81,6330,9.92,8092,9.8,4804,9.93,6927,9.79,1607,9.94,9653,9.78,1267,9.95,3415,9.77,9074,9.96,7409,9.76,8509,0
000001,2017-01-05 11:00:14,20170105,110014000,1483614014000000,1483614014000715,9.87,84,9.95,9.87,9.88,9.86,10.95,8.96,10554662,107752207.76,10587,9.93,9.81,62092,62659,9.88,4133,9.86,2986,9.89,8233,9.85,9386,9.9,3442,9.84,5879,9.91,3790,9.83,9385,9.92,2047,9.82,7034,9.93,9534,9.81,7193,9.94,8273,9.8,4684,9.95,7592,9.79,1093,9.96,6056,9.78,9980,9.97,8992,9.77,5039,0
000001,2017-01-05 11:00:43,20170105,110043000,1483614043000000,1483614043000214,9.88,84,9.95,9.88,9.89,9.88,10.95,8.96,10580457,108007163.11,10665,9.93,9.83,41306,39006,9.89,8131,9.87,6764,9.9,1663,9.86,1852,9.91,4430,9.85,1251,9.92,4937,9.84,1821,9.93,3251,9.83,8593,9.94,4873,9.82,1303,9.95,6838,9.81,1318,9.96,1296,9.8,6209,9.97,3138,9.79,3109,9.98,2749,9.78,6786,0
000001,2017-01-05 11:01:12,20170105,110112000,1483614072000000,1483614072000120,9.91,84,9.95,9.91,9.91,9.91,10.95,8.96,10666912,108864088.89,10687,9.97,9.85,42813,59138,9.92,3938,9.9,5503,9.93,1143,9.89,3911,9.94,7778,9.88,8663,9.95,2511,9.87,3667,9.96,2705,9.86,5391,9.97,8404,9.85,3959,9.98,3006,9.84,9318,9.99,3270,9.83,8059,10.0,7213,9.82,1646,10.01,2845,9.81,9021,0
000001,2017-01-05 11:01:40,20170105,110140000,1483614100000000,1483614099999085,9.88,84,9.95,9.88,9.89,9.88,10.95,8.96,10707068,109260931.18,10726,9.93,9.82,55269,53340,9.89,9884,9.87,2023,9.9,3527,9.86,6758,9.91,4945,9.85,4941,9.92,7095,9.84,4139,9.93,7324,9.83,2618,9.94,7462,9.82,7685,9.95,1375,9.81,5531,9.96,8732,9.8,9601,9.97,3204,9.79,3127,9.98,1721,9.78,6917,0
000001,2017-01-05 11:02:09,20170105,110209000,1483614129000000,1483614129000832,9.86,84,9.95,9.86,9.87,9.86,10.95,8.96,10733795,109524490.47,10809,9.91,9.81,60072,59672,9.87,8548,9.85,7675,9.88,6270,9.84,4271,9.89,6681,9.83,9067,9.9,7280,9.82,2965,9.91,7349,9.81,6903,9.92,3915,9.8,4215,9.93,5997,9.79,8364,9.94,6508,9.78,3405,9.95,1045,9.77,9631,9.96,6479,9.76,3176,0
000001,2017-01-05 11:02:38,20170105,110238000,1483614158000000,1483614158000554,9.87,84,9.95,9.87,9.87,9.86,10.95,8.96,10827676,110450773.25,10875,9.93,9.82,36619,47717,9.88,2742,9.86,4775,9.89,5620,9.85,4927,9.9,3926,9.84,6996,9.91,1493,9.83,4565,9.92,1195,9.82,3725,9.93,2815,9.81,5533,9.94,4963,9.8,8427,9.95,2588,9.79,4980,9.96,5484,9.78,2719,9.97,5793,9.77,1070,0
000001,2017-01-05 11:03:07,20170105,110307000,1483614187000000,1483614187000507,9.87,84,9.95,9.87,9.87,9.86,10.95,8.96,10884185,111008386.33,10888,9.92,9.81,70253,49255,9.88,5997,9.86,2253,9.89,7443,9.85,3726,9.9,5357,9.84,8318,9.91,6412,9.83,4118,9.92,6258,9.82,4654,9.93,7233,9.81,1506,9.94,9346,9.8,5029,9.95,8342,9.79,7421,9.96,6738,9.78,9861,9.97,7127,9.77,2369,0
000001,2017-01-05 11:03:36,20170105,110336000,1483614216000000,1483614216000848,9.87,84,9.95,9.87,9.89,9.86,10.95,8.96,10954624,111703641.55,10977,9.92,9.82,59106,51546,9.88,7092,9.86,7944,9.89,1018,9.85,8722,9.9,8680,9.84,1049,9.91,9835,9.83,5654,9.92,4469,9.82,3078,9.93,2816,9.81,1377,9.94,9130,9.8,9379,9.95,7702,9.79,1388,9.96,3020,9.78,4504,9.97,5344,9.77,8451,0
000001,2017-01-05 11:04:04,20170105,110404000,1483614244000000,1483614243999423,9.89,84,9.95,9.89,9.9,9.89,10.95,8.96,11049507,112642194.66,11054,9.95,9.84,28887,52959,9.9,3229,9.88,6617,9.91,5298,9.87,5730,9.92,1226,9.86,6595,9.93,1355,9.85,5280,9.94,4790,9.84,7759,9.95,1080,9.83,3966,9.96,2351,9.82,2869,9.97,1029,9.81,3499,9.98,7293,9.8,2974,9.99,1236,9.79,7670,0
000001,2017-01-05 11:04:33,20170105,110433000,1483614273000000,1483614273000601,9.93,84,9.95,9.93,9.93,9.93,10.95,8.96,11059520,112741645.44,11080,9.99,9.86,52133,32895,9.94,1405,9.92,1876,9.95,8992,9.91,2026,9.96,5208,9.9,1409,9.97,6284,9.89,1420,9.98,4955,9.88,3533,9.99,1204,9.87,1157,10.0,6579,9.86,1004,10.01,3658,9.85,8204,10.02,7116,9.84,8517,10.03,6732,9.83,3749,0
000001,2017-01-05 11:05:02,20170105,110502000,1483614302000000,1483614301999390,9.95,84,9.95,9.95,9.96,9.93,10.95,8.96,11119299,113336702.08,11167,10.01,9.9,67744,59814,9.96,9226,9.94,7234,9.97,6170,9.93,2733,9.98,2243,9.92,3632,9.99,6874,9.91,7252,10.0,9110,9.9,7379,10.01,9862,9.89,5771,10.02,7137,9.88,8965,10.03,6929,9.87,5702,10.04,7739,9.86,7975,10.05,2454,9.85,3171,0
000001,2017-01-05 11:05:31,20170105,110531000,1483614331000000,1483614330999797,9.97,84,9.95,9.97,9.99,9.97,10.95,8.96,11155779,113700303.92,11223,10.02,9.91,63734,56425,9.98,4003,9.96,1945,9.99,6805,9.95,7767,10.0,4248,9.94,2129,10.01,4201,9.93,9341,10.02,9673,9.92,3234,10.03,9780,9.91,3557,10.04,9060,9.9,8495,10.05,2287,9.89,5082,10.06,9878,9.88,6423,10.07,3799,9.87,8452,0
000001,2017-01-05 11:06:00,20170105,110600000,1483614360000000,1483614359999289,9.94,84,9.95,9.94,9.94,9.93,10.95,8.96,11231154,114449538.88,11319,9.99,9.87,38485,49771,9.95,2396,9.93,1610,9.96,3496,9.92,1445,9.97,6077,9.91,5078,9.98,7065,9.9,1130,9.99,1083,9.89,8140,10.0,1756,9.88,4309,10.01,6194,9.87,8253,10.02,3783,9.86,8347,10.03,5013,9.85,2822,10.04,1622,9.84,8637,0
000001,2017-01-05 11:06:28,20170105,110628000,1483614388000000,1483614387999160,9.95,84,9.95,9.95,9.95,9.94,10.95,8.96,11309521,115229055.01,11331,10.0,9.89,61569,47683,9.96,7460,9.94,3777,9.97,6981,9.93,2773,9.98,7143,9.92,7901,9.99,5514,9.91,4466,10.0,1199,9.9,8740,10.01,9146,9.89,3356,10.02,1452,9.88,5124,10.03,6878,9.87,1025,10.04,7179,9.86,8172,10.05,8617,9.85,2349,0
000001,2017-01-05 11:06:57,20170105,110657000,1483614417000000,1483614416999537,9.92,84,9.95,9.92,9.92,9.91,10.95,8.96,11377846,115906682.56,11406,9.97,9.86,57273,57038,9.93,3627,9.91,8380,9.94,8210,9.9,2344,9.95,9821,9.89,2312,9.96,9029,9.88,7153,9.97,2827,9.87,1065,9.98,2275,9.86,9188,9.99,7648,9.85,9517,10.0,1561,9.84,4334,10.01,3032,9.83,8197,10.02,9243,9.82,4548,0
000001,2017-01-05 11:07:26,20170105,110726000,1483614446000000,1483614446000755,9.89,84,9.95,9.89,9.89,9.88,10.95,8.96,11454949,116669116.67,11432,9.94,9.83,42443,74101,9.9,5277,9.88,7891,9.91,2389,9.87,5455,9.92,6301,9.86,8962,9.93,6636,9.85,9896,9.94,2174,9.84,5994,9.95,1949,9.83,6742,9.96,6360,9.82,2260,9.97,3245,9.81,9233,9.98,5810,9.8,9692,9.99,2302,9.79,7976,0
000001,2017-01-05 11:07:55,20170105,110755000,1483614475000000,1483614474999741,9.88,84,9.95,9.88,9.88,9.88,10.95,8.96,11473765,116854983.44,11525,9.93,9.82,53430,71088,9.89,6829,9.87,8052,9.9,3155,9.86,6227,9.91,2137,9.85,8612,9.92,4549,9.84,9083,9.93,6352,9.83,6501,9.94,9736,9.82,4914,9.95,7582,9.81,6102,9.96,5841,9.8,8943,9.97,1992,9.79,3905,9.98,5257,9.78,8749,0
000001,2017-01-05 11:08:24,20170105,110824000,1483614504000000,1483614504000301,9.85,84,9.95,9.85,9.86,9.84,10.95,8.96,11557518,117680228.14,11568,9.91,9.8,50589,76703,9.86,5178,9.84,6159,9.87,6649,9.83,4205,9.88,6228,9.82,9937,9.89,5608,9.81,8675,9.9,7498,9.8,8432,9.91,3510,9.79,6602,9.92,1996,9.78,9264,9.93,2470,9.77,8404,9.94,3087,9.76,7492,9.95,8365,9.75,7533,0
000001,2017-01-05 11:08:52,20170105,110852000,1483614532000000,1483614532000761,9.86,84,9.95,9.86,9.87,9.86,10.95,8.96,11584308,117944464.13,11583,9.91,9.81,52793,61882,9.87,4690,9.85,3206,9.88,9029,9.84,4908,9.89,3423,9.83,9794,9.9,6015,9.82,9740,9.91,5983,9.81,4013,9.92,4059,9.8,4721,9.93,9809,9.79,8505,9.94,3465,9.78,9176,9.95,2549,9.77,6415,9.96,3771,9.76,1404,0
000001,2017-01-05 11:09:21,20170105,110921000,1483614561000000,1483614561000021,9.86,84,9.95,9.86,9.86,9.86,10.95,8.96,11611120,118208793.13,11639,9.92,9.8,64807,52727,9.87,2108,9.85,9350,9.88,6425,9.84,1346,9.89,7416,9.83,1066,9.9,6336,9.82,9719,9.91,6444,9.81,6012,9.92,6309,9.8,1446,9.93,1988,9.79,4927,9.94,8968,9.78,4783,9.95,9710,9.77,9953,9.96,9103,9.76,4125,0
000001,2017-01-05 11:09:50,20170105,110950000,1483614590000000,1483614589999102,9.83,84,9.95,9.83,9.84,9.81,10.95,8.96,11668985,118777793.61,11702,9.89,9.79,67937,54030,9.84,4520,9.82,3938,9.85,9905,9.81,9379,9.86,7751,9.8,6139,9.87,8943,9.79,6725,9.88,5763,9.78,6401,9.89,3812,9.77,9718,9.9,7906,9.76,2288,9.91,9801,9.75,3220,9.92,7917,9.74,4247,9.93,1619,9.73,1975,0
000001,2017-01-05 11:10:19,20170105,111019000,1483614619000000,1483614619000055,9.83,84,9.95,9.83,9.84,9.83,10.95,8.96,11728643,119364425.39,11787,9.89,9.77,55286,47922,9.84,3165,9.82,2768,9.85,5222,9.81,1527,9.86,9797,9.8,1747,9.87,4794,9.79,5943,9.88,7884,9.78,1112,9.89,1954,9.77,4423,9.9,3458,9.76,9324,9.91,6947,9.75,7918,9.92,9468,9.74,9176,9.93,2597,9.73,3984,0
000001,2017-01-05 11:10:48,20170105,111048000,1483614648000000,1483614648000769,9.82,84,9.95,9.82,9.83,9.82,10.95,8.96,11789738,119964609.58,11841,9.88,9.77,69787,44866,9.83,9747,9.81,2544,9.84,7865,9.8,2395,9.85,9509,9.79,9416,9.86,9638,9.78,3739,9.87,1262,9.77,3396,9.88,7256,9.76,3427,9.89,1303,9.75,4719,9.9,5262,9.74,3799,9.91,9005,9.73,7009,9.92,8940,9.72,4422,0
000001,2017-01-05 11:11:16,20170105,111116000,1483614676000000,1483614676000459,9.83,84,9.95,9.83,9.83,9.81,10.95,8.96,11848656,120543537.73,11873,9.88,9.77,55351,42173,9.84,7115,9.82,4578,9.85,4025,9.81,1709,9.86,9591,9.8,3260,9.87,2837,9.79,7877,9.88,8770,9.78,1370,9.89,5403,9.77,4432,9.9,4866,9.76,3106,9.91,3282,9.75,9710,9.92,4630,9.74,2246,9.93,4832,9.73,3885,0
000001,2017-01-05 11:11:45,20170105,111145000,1483614705000000,1483614704999556,9.84,84,9.95,9.84,9.84,9.83,10.95,8.96,11870884,120762170.29,11920,9.88,9.77,59201,46235,9.85,8678,9.83,3118,9.86,9006,9.82,2391,9.87,5945,9.81,7464,9.88,7348,9.8,1488,9.89,7923,9.79,6720,9.9,8117,9.78,1369,9.91,1740,9.77,6376,9.92,1674,9.76,2784,9.93,5287,9.75,6081,9.94,3483,9.74,8444,0
000001,2017-01-05 11:12:14,20170105,111214000,1483614734000000,1483614734000454,9.83,84,9.95,9.83,9.84,9.81,10.95,8.96,11950835,121548312.94,11952,9.88,9.78,54779,52558,9.84,8592,9.82,9517,9.85,5264,9.81,5681,9.86,7120,9.8,2685,9.87,1923,9.79,6889,9.88,9890,9.78,3515,9.89,2015,9.77,3679,9.9,9103,9.76,4973,9.91,4206,9.75,5452,9.92,4018,9.74,5451,9.93,2648,9.73,4716,0
000001,2017-01-05 11:12:43,20170105,111243000,1483614763000000,1483614762999247,9.85,84,9.95,9.85,9.86,9.85,10.95,8.96,11979087,121826698.63,12006,9.91,9.8,59705,64316,9.86,9503,9.84,4530,9.87,4060,9.83,9411,9.88,2896,9.82,9361,9.89,5130,9.81,5525,9.9,8542,9.8,3967,9.91,5384,9.79,6387,9.92,2631,9.78,5725,9.93,3039,9.77,9521,9.94,9153,9.76,3762,9.95,9367,9.75,6127,0
000001,2017-01-05 11:13:12,20170105,111312000,1483614792000000,1483614791999114,9.84,84,9.95,9.84,9.84,9.82,10.95,8.96,12011292,122143527.44,12041,9.89,9.77,50041,55509,9.85,8640,9.83,6007,9.86,3506,9.82,4457,9.87,8792,9.81,2891,9.88,1843,9.8,3872,9.89,2607,9.79,1504,9.9,3061,9.78,3478,9.91,2095,9.77,9379,9.92,1408,9.76,7535,9.93,9558,9.75,7696,9.94,8531,9.74,8690,0
000001,2017-01-05 11:13:40,20170105,111340000,1483614820000000,1483614820000626,9.82,84,9.95,9.82,9.85,9.82,10.95,8.96,12076377,122782982.04,12119,9.89,9.76,56290,43456,9.83,3452,9.81,1279,9.84,1287,9.8,3629,9.85,7554,9.79,3857,9.86,1482,9.78,4571,9.87,9841,9.77,5065,9.88,7618,9.76,3572,9.89,2411,9.75,6564,9.9,7951,9.74,1885,9.91,9796,9.73,5134,9.92,4898,9.72,7900,0
000001,2017-01-05 11:14:09,20170105,111409000,1483614849000000,1483614848999057,9.82,84,9.95,9.82,9.83,9.8,10.95,8.96,12161477,123618345.93,12142,9.87,9.76,71215,69334,9.83,6000,9.81,8754,9.84,9282,9.8,9137,9.85,9690,9.79,5128,9.86,6239,9.78,4451,9.87,7954,9.77,4670,9.88,5490,9.76,7166,9.89,8992,9.75,7593,9.9,6241,9.74,6437,9.91,8855,9.73,6591,9.92,2472,9.72,9407,0
000001,2017-01-05 11:14:38,20170105,111438000,1483614878000000,1483614877999676,9.78,84,9.95,9.78,9.79,9.78,10.95,8.96,12225967,124249323.72,12153,9.84,9.73,52497,52003,9.79,1372,9.77,6726,9.8,4537,9.76,1129,9.81,2011,9.75,7661,9.82,8840,9.74,6548,9.83,5834,9.73,4944,9.84,6907,9.72,4526,9.85,8250,9.71,8250,9.86,2594,9.7,4638,9.87,5833,9.69,4849,9.88,6319,9.68,2732,0
000001,2017-01-05 11:15:07,20170105,111507000,1483614907000000,1483614906999803,9.77,84,9.95,9.77,9.77,9.77,10.95,8.96,12282958,124806174.89,12237,9.82,9.71,47155,39087,9.78,9853,9.76,1437,9.79,2157,9.75,2045,9.8,2311,9.74,5553,9.81,4189,9.73,2077,9.82,5850,9.72,5078,9.83,8692,9.71,9705,9.84,3813,9.7,1116,9.85,6103,9.69,3451,9.86,2860,9.68,1212,9.87,1327,9.67,7413,0
000001,2017-01-05 11:15:36,20170105,111536000,1483614936000000,1483614936000483,9.78,84,9.95,9.78,9.79,9.74,10.95,8.96,12335600,125320923.16,12333,9.83,9.72,59717,47928,9.79,8429,9.77,2917,9.8,2506,9.76,7727,9.81,6596,9.75,3091,9.82,7546,9.74,4257,9.83,3207,9.73,3504,9.84,6484,9.72,5375,9.85,9765,9.71,4396,9.86,1678,9.7,6631,9.87,8542,9.69,6307,9.88,4964,9.68,3723,0
000001,2017-01-05 11:16:04,20170105,111604000,1483614964000000,1483614963999299,9.79,84,9.95,9.79,9.79,9.78,10.95,8.96,12415508,126102958.06,12404,9.85,9.73,50782,48531,9.8,3598,9.78,3417,9.81,2505,9.77,6422,9.82,1243,9.76,2207,9.83,9985,9.75,5397,9.84,6886,9.74,2527,9.85,6312,9.73,6691,9.86,2852,9.72,8281,9.87,7184,9.71,4048,9.88,3373,9.7,6028,9.89,6844,9.69,3513,0
000001,2017-01-05 11:16:33,20170105,111633000,1483614993000000,1483614992999213,9.75,84,9.95,9.75,9.75,9.74,10.95,8.96,12504452,126969728.24,12434,9.8,9.7,53067,63037,9.76,1125,9.74,9904,9.77,5810,9.73,5664,9.78,7698,9.72,5732,9.79,2316,9.71,8543,9.8,4870,9.7,8059,9.81,9629,9.69,9859,9.82,9361,9.68,4264,9.83,3423,9.67,3303,9.84,7222,9.66,2644,9.85,1613,9.65,5065,0
000001,2017-01-05 11:17:02,20170105,111702000,1483615022000000,1483615021999001,9.77,84,9.95,9.77,9.77,9.76,10.95,8.96,12529557,127214924.46,12530,9.82,9.71,54689,63134,9.78,2084,9.76,6381,9.79,5351,9.75,8289,9.8,7725,9.74,2183,9.81,7391,9.73,5806,9.82,9110,9.72,8890,9.83,3739,9.71,7441,9.84,8195,9.7,3417,9.85,1217,9.69,5816,9.86,4960,9.68,8826,9.87,4917,9.67,6085,0
000001,2017-01-05 11:17:31,20170105,111731000,1483615051000000,1483615050999676,9.75,84,9.95,9.75,9.76,9.75,10.95,8.96,12578870,127695897.67,12565,9.81,9.7,59414,58959,9.76,8237,9.74,7387,9.77,3974,9.73,9465,9.78,7631,9.72,8185,9.79,3514,9.71,3993,9.8,3797,9.7,3469,9.81,3047,9.69,4181,9.82,9806,9.68,4891,9.83,4043,9.67,1650,9.84,7978,9.66,7814,9.85,7387,9.65,7924,0
000001,2017-01-05 11:18:00,20170105,111800000,1483615080000000,1483615079999547,9.76,84,9.95,9.76,9.77,9.75,10.95,8.96,12652641,128415805.26,12638,9.81,9.71,46897,55042,9.77,2642,9.75,5524,9.78,8278,9.74,8010,9.79,9029,9.73,6112,9.8,1945,9.72,7662,9.81,4651,9.71,6927,9.82,7174,9.7,1387,9.83,3745,9.69,2764,9.84,4426,9.68,9764,9.85,2730,9.67,2755,9.86,2277,9.66,4137,0
000001,2017-01-05 11:18:28,20170105,111828000,1483615108000000,1483615107999949,9.74,84,9.95,9.74,9.74,9.73,10.95,8.96,12710968,128983692.74,12673,9.8,9.69,55765,69216,9.75,5298,9.73,7788,9.76,2474,9.72,9694,9.77,1522,9.71,9968,9.78,5741,9.7,6948,9.79,8336,9.69,9930,9.8,4361,9.68,4040,9.81,5303,9.67,2629,9.82,5706,9.66,6758,9.83,7744,9.65,3940,9.84,9280,9.64,7521,0
000001,2017-01-05 11:18:57,20170105,111857000,1483615137000000,1483615137000493,9.74,84,9.95,9.74,9.76,9.73,10.95,8.96,12725016,129120552.2,12772,9.8,9.68,39984,60674,9.75,2600,9.73,3515,9.76,6935,9.72,2830,9.77,2486,9.71,9577,9.78,2448,9.7,3770,9.79,5132,9.69,9610,9.8,7901,9.68,6677,9.81,3612,9.67,7261,9.82,3775,9.66,5172,9.83,1292,9.65,7009,9.84,3803,9.64,5253,0
000001,2017-01-05 11:19:26,20170105,111926000,1483615166000000,1483615166000764,9.75,84,9.95,9.75,9.76,9.74,10.95,8.96,12785947,129714382.3,12826,9.8,9.69,72589,41962,9.76,9145,9.74,3171,9.77,8501,9.73,1210,9.78,9462,9.72,4585,9.79,8481,9.71,1827,9.8,3254,9.7,6583,9.81,9399,9.69,8144,9.82,3357,9.68,8002,9.83,6557,9.67,5338,9.84,7730,9.66,1455,9.85,6703,9.65,1647,0
000001,2017-01-05 11:19:55,20170105,111955000,1483615195000000,1483615195000503,9.77,84,9.95,9.77,9.77,9.77,10.95,8.96,12799543,129847192.2,12896,9.82,9.71,65754,45566,9.78,6941,9.76,1388,9.79,7737,9.75,4101,9.8,7644,9.74,9212,9.81,5565,9.73,3775,9.82,8163,9.72,2492,9.83,5830,9.71,2504,9.84,9480,9.7,9555,9.85,9784,9.69,1170,9.86,3332,9.68,9033,9.87,1278,9.67,2336,0
000001,2017-01-05 11:20:24,20170105,112024000,1483615224000000,1483615224000150,9.77,84,9.95,9.77,9.77,9.77,10.95,8.96,12832541,130169462.39,12965,9.82,9.71,46323,51613,9.78,7320,9.76,1897,9.79,2522,9.75,9492,9.8,1975,9.74,2161,9.81,6059,9.73,4364,9.82,7552,9.72,5772,9.83,5294,9.71,2858,9.84,1199,9.7,7627,9.85,7940,9.69,9079,9.86,2636,9.68,5185,9.87,3826,9.67,3178,0
000001,2017-01-05 11:20:52,20170105,112052000,1483615252000000,1483615252000008,9.75,84,9.95,9.75,9.76,9.73,10.95,8.96,12908881,130913519.05,13004,9.8,9.69,48344,54537,9.76,4940,9.74,7686,9.77,4844,9.73,3252,9.78,7793,9.72,3055,9.79,1338,9.71,5636,9.8,2827,9.7,8625,9.81,1362,9.69,2859,9.82,7259,9.68,6929,9.83,4595,9.67,6718,9.84,7182,9.66,3701,9.85,6204,9.65,6076,0
000001,2017-01-05 11:21:21,20170105,112121000,1483615281000000,1483615280999918,9.77,84,9.95,9.77,9.77,9.76,10.95,8.96,12938198,131199805.56,13069,9.82,9.71,65246,51757,9.78,8789,9.76,2667,9.79,6497,9.75,5884,9.8,7322,9.74,1418,9.81,9769,9.73,8919,9.82,9295,9.72,8824,9.83,1365,9.71,1364,9.84,2245,9.7,9476,9.85,9689,9.69,1007,9.86,5237,9.68,9030,9.87,5038,9.67,3168,0
000001,2017-01-05 11:21:50,20170105,112150000,1483615310000000,1483615310000396,9.74,84,9.95,9.74,9.75,9.74,10.95,8.96,12956135,131374578.48,13122,9.8,9.69,69795,72002,9.75,8402,9.73,7780,9.76,7139,9.72,8471,9.77,1275,9.71,9312,9.78,8727,9.7,6085,9.79,7908,9.69,9774,9.8,7382,9.68,9336,9.81,9518,9.67,7540,9.82,2078,9.66,1841,9.83,8691,9.65,7827,9.84,8675,9.64,4036,0
000001,2017-01-05 11:22:19,20170105,112219000,1483615339000000,1483615339000844,9.75,84,9.95,9.75,9.75,9.74,10.95,8.96,13005352,131854368.16,13198,9.81,9.69,69657,56856,9.76,7175,9.74,5186,9.77,6163,9.73,2308,9.78,7525,9.72,5676,9.79,4489,9.71,6257,9.8,7179,9.7,6681,9.81,2254,9.69,9405,9.82,8934,9.68,3063,9.83,9256,9.67,4409,9.84,7480,9.66,6420,9.85,9202,9.65,7451,0
000001,2017-01-05 11:22:48,20170105,112248000,1483615368000000,1483615367999337,9.74,84,9.95,9.74,9.74,9.73,10.95,8.96,13052782,132316182.08,13260,9.79,9.68,69806,50140,9.75,4669,9.73,5015,9.76,7430,9.72,2390,9.77,7851,9.71,8101,9.78,8171,9.7,8723,9.79,5375,9.69,2581,9.8,9375,9.68,3602,9.81,6791,9.67,7104,9.82,9230,9.66,5669,9.83,6148,9.65,4585,9.84,4766,9.64,2370,0
000001,2017-01-05 11:23:16,20170105,112316000,1483615396000000,1483615396000409,9.75,84,9.95,9.75,9.76,9.74,10.95,8.96,13097378,132750805.23,13330,9.8,9.7,44677,57617,9.76,8087,9.74,9587,9.77,3179,9.73,8381,9.78,1798,9.72,7132,9.79,5261,9.71,9517,9.8,6221,9.7,5313,9.81,3947,9.69,1232,9.82,6879,9.68,7382,9.83,1391,9.67,3014,9.84,4964,9.66,3909,9.85,2950,9.65,2150,0
000001,2017-01-05 11:23:45,20170105,112345000,1483615425000000,1483615424999172,9.75,84,9.95,9.75,9.75,9.74,10.95,8.96,13108106,132855415.34,13406,9.81,9.7,56882,55051,9.76,3725,9.74,7717,9.77,9340,9.73,3245,9.78,7025,9.72,8762,9.79,6021,9.71,5203,9.8,5398,9.7,7888,9.81,1724,9.69,7922,9.82,2620,9.68,7827,9.83,8823,9.67,2924,9.84,2678,9.66,1877,9.85,9528,9.65,1686,0
000001,2017-01-05 11:24:14,20170105,112414000,1483615454000000,1483615454000120,9.74,84,9.95,9.74,9.75,9.74,10.95,8.96,13156392,133325875.68,13483,9.8,9.69,52916,63166,9.75,2288,9.73,6519,9.76,8691,9.72,8700,9.77,6473,9.71,5930,9.78,1615,9.7,5584,9.79,8127,9.69,2355,9.8,9678,9.68,7927,9.81,2136,9.67,6776,9.82,3403,9.66,6773,9.83,7203,9.65,6489,9.84,3302,9.64,6113,0
000001,2017-01-05 11:24:43,20170105,112443000,1483615483000000,1483615483000858,9.78,84,9.95,9.78,9.8,9.77,10.95,8.96,13175475,133512523.3,13498,9.84,9.72,52932,55437,9.79,1149,9.77,1111,9.8,1673,9.76,4031,9.81,6883,9.75,3263,9.82,1802,9.74,9080,9.83,6451,9.73,8455,9.84,9910,9.72,9769,9.85,8040,9.71,6519,9.86,9387,9.7,3630,9.87,5301,9.69,5531,9.88,2336,9.68,4048,0
000001,2017-01-05 11:25:12,20170105,112512000,1483615512000000,1483615512000190,9.77,84,9.95,9.77,9.77,9.76,10.95,8.96,13274003,134474867.72,13540,9.83,9.71,36536,51171,9.78,2020,9.76,1296,9.79,1003,9.75,4063,9.8,3274,9.74,8610,9.81,4451,9.73,2687,9.82,1386,9.72,3753,9.83,4856,9.71,7798,9.84,2751,9.7,3017,9.85,2715,9.69,7764,9.86,7762,9.68,6066,9.87,6318,9.67,6117,0
000001,2017-01-05 11:25:40,20170105,112540000,1483615540000000,1483615540000519,9.73,84,9.95,9.73,9.73,9.72,10.95,8.96,13362370,135334752.45,13625,9.78,9.68,41193,51567,9.74,7511,9.72,7565,9.75,1871,9.71,9380,9.76,1066,9.7,5445,9.77,7182,9.69,2275,9.78,1064,9.68,6751,9.79,7164,9.67,4458,9.8,2381,9.66,3344,9.81,8528,9.65,6552,9.82,1291,9.64,1627,9.83,3135,9.63,4170,0
000001,2017-01-05 11:26:09,20170105,112609000,1483615569000000,1483615568999646,9.68,84,9.95,9.68,9.69,9.67,10.95,8.96,13393349,135634649.96,13714,9.73,9.62,50750,57994,9.69,6526,9.67,6242,9.7,5531,9.66,6986,9.71,4299,9.65,3541,9.72,6151,9.64,8892,9.73,4732,9.63,2909,9.74,3692,9.62,4164,9.75,2632,9.61,2427,9.76,8292,9.6,9180,9.77,4682,9.59,4837,9.78,4213,9.58,8816,0
000001,2017-01-05 11:26:38,20170105,112638000,1483615598000000,1483615598000158,9.68,84,9.95,9.68,9.69,9.66,10.95,8.96,13466179,136339532.26,13748,9.74,9.63,64823,70746,9.69,2339,9.67,5725,9.7,7200,9.66,5170,9.71,7491,9.65,9854,9.72,5640,9.64,9967,9.73,9463,9.63,7442,9.74,9295,9.62,9444,9.75,4545,9.61,9004,9.76,2088,9.6,3839,9.77,7311,9.59,3756,9.78,9451,9.58,6545,0
000001,2017-01-05 11:27:07,20170105,112707000,1483615627000000,1483615626999788,9.69,84,9.95,9.69,9.7,9.68,10.95,8.96,13535968,137015667.75,13765,9.75,9.64,59329,68117,9.7,4381,9.68,9511,9.71,5701,9.67,9093,9.72,4487,9.66,5374,9.73,3247,9.65,8998,9.74,7493,9.64,4958,9.75,2601,9.63,9826,9.76,9424,9.62,1722,9.77,5049,9.61,6437,9.78,7927,9.6,7647,9.79,9019,9.59,4551,0
000001,2017-01-05 11:27:36,20170105,112736000,1483615656000000,1483615655999437,9.71,84,9.95,9.71,9.71,9.7,10.95,8.96,13571026,137355955.28,13852,9.75,9.65,53673,39402,9.72,6152,9.7,1298,9.73,8759,9.69,5629,9.74,8225,9.68,8220,9.75,1204,9.67,1169,9.76,9147,9.66,2803,9.77,5819,9.65,1627,9.78,4089,9.64,7252,9.79,1735,9.63,5936,9.8,3856,9.62,3675,9.81,4687,9.61,1793,0
000001,2017-01-05 11:28:04,20170105,112804000,1483615684000000,1483615683999865,9.73,84,9.95,9.73,9.74,9.71,10.95,8.96,13630281,137932359.61,13887,9.78,9.67,45090,57234,9.74,3065,9.72,5594,9.75,6054,9.71,5158,9.76,5640,9.7,3828,9.77,6211,9.69,6785,9.78,4765,9.68,1996,9.79,1042,9.67,4685,9.8,1522,9.66,6438,9.81,8913,9.65,9197,9.82,4213,9.64,8488,9.83,3665,9.63,5065,0
000001,2017-01-05 11:28:33,20170105,112833000,1483615713000000,1483615713000315,9.73,84,9.95,9.73,9.73,9.71,10.95,8.96,13652674,138150219.53,13916,9.78,9.67,49374,47795,9.74,4085,9.72,4847,9.75,6602,9.71,5133,9.76,7996,9.7,7934,9.77,4745,9.69,2186,9.78,2092,9.68,1016,9.79,5008,9.67,3225,9.8,2002,9.66,2768,9.81,2475,9.65,2893,9.82,9131,9.64,9833,9.83,5238,9.63,7960,0
000001,2017-01-05 11:29:02,20170105,112902000,1483615742000000,1483615741999927,9.74,84,9.95,9.74,9.75,9.74,10.95,8.96,13721990,138825576.45,14013,9.8,9.68,42179,48303,9.75,8549,9.73,1358,9.76,1949,9.72,6435,9.77,1606,9.71,3084,9.78,5444,9.7,8008,9.79,1946,9.69,3842,9.8,1857,9.68,2393,9.81,9104,9.67,9264,9.82,5908,9.66,2980,9.83,4655,9.65,4051,9.84,1161,9.64,6888,0
000001,2017-01-05 11:29:31,20170105,112931000,1483615771000000,1483615770999367,9.78,84,9.95,9.78,9.79,9.77,10.95,8.96,13742133,139022548.52,14091,9.83,9.73,54036,47431,9.79,6508,9.77,4381,9.8,7493,9.76,1233,9.81,5369,9.75,8894,9.82,3962,9.74,7524,9.83,2268,9.73,3886,9.84,5343,9.72,5183,9.85,4242,9.71,5440,9.86,1566,9.7,5443,9.87,8903,9.69,2167,9.88,8382,9.68,3280,0
000001,2017-01-05 13:00:00,20170105,130000000,1483621200000000,1483621200000945,9.75,84,9.95,9.75,9.75,9.74,10.95,8.96,13758609,139183156.82,14158,9.81,9.69,51296,38622,9.76,3912,9.74,5980,9.77,1460,9.73,3589,9.78,4518,9.72,1783,9.79,3590,9.71,1018,9.8,9900,9.7,1706,9.81,4924,9.69,7326,9.82,3756,9.68,3754,9.83,9351,9.67,7172,9.84,5217,9.66,4257,9.85,4668,9.65,2037,0
000001,2017-01-05 13:00:28,20170105,130028000,1483621228000000,1483621227999627,9.78,84,9.95,9.78,9.78,9.77,10.95,8.96,13832279,139903914.1,14224,9.84,9.72,54300,53641,9.79,4740,9.77,2733,9.8,4091,9.76,4767,9.81,6804,9.75,4463,9.82,9374,9.74,3262,9.83,3798,9.73,9946,9.84,2113,9.72,7879,9.85,2703,9.71,1891,9.86,3409,9.7,7466,9.87,9728,9.69,2533,9.88,7540,9.68,8701,0
000001,2017-01-05 13:00:57,20170105,130057000,1483621257000000,1483621257000845,9.78,84,9.95,9.78,9.79,9.78,10.95,8.96,13849645,140073807.25,14254,9.83,9.73,55228,65041,9.79,7539,9.77,7357,9.8,9502,9.76,5710,9.81,3895,9.75,8070,9.82,4909,9.74,6788,9.83,4645,9.73,5415,9.84,9167,9.72,9205,9.85,3651,9.71,7993,9.86,1232,9.7,3947,9.87,7989,9.69,3174,9.88,2699,9.68,7382,0
000001,2017-01-05 13:01:26,20170105,130126000,1483621286000000,1483621285999082,9.8,84,9.95,9.8,9.8,9.8,10.95,8.96,13901181,140578918.99,14331,9.86,9.75,57893,64016,9.81,3217,9.79,5965,9.82,3641,9.78,6998,9.83,5974,9.77,7768,9.84,6198,9.76,5773,9.85,9314,9.75,4676,9.86,2005,9.74,8269,9.87,7036,9.73,3816,9.88,5847,9.72,9947,9.89,9325,9.71,4085,9.9,5336,9.7,6719,0
000001,2017-01-05 13:01:55,20170105,130155000,1483621315000000,1483621314999182,9.8,84,9.95,9.8,9.82,9.79,10.95,8.96,13984733,141397605.42,14403,9.85,9.74,55568,71096,9.81,8356,9.79,6223,9.82,2701,9.78,9750,9.83,5513,9.77,6574,9.84,9701,9.76,2393,9.85,3829,9.75,5652,9.86,9152,9.74,5582,9.87,7100,9.73,8391,9.88,2209,9.72,8348,9.89,4452,9.71,8279,9.9,2555,9.7,9904,0
000001,2017-01-05 13:02:24,20170105,130224000,1483621344000000,1483621344000173,9.81,84,9.95,9.81,9.82,9.81,10.95,8.96,14083324,142364668.5,14490,9.87,9.75,49729,39359,9.82,7039,9.8,6120,9.83,5345,9.79,2160,9.84,1779,9.78,5719,9.85,3150,9.77,1079,9.86,2380,9.76,3327,9.87,3417,9.75,3232,9.88,6529,9.74,3662,9.89,6489,9.73,7438,9.9,8537,9.72,3855,9.91,5064,9.71,2767,0
000001,2017-01-05 13:02:52,20170105,130252000,1483621372000000,1483621372000006,9.84,84,9.95,9.84,9.85,9.83,10.95,8.96,14112000,142646913.7,14585,9.9,9.78,54438,46075,9.85,5901,9.83,6842,9.86,3394,9.82,1004,9.87,5587,9.81,3295,9.88,5281,9.8,3184,9.89,5976,9.79,6474,9.9,9084,9.78,2198,9.91,2980,9.77,9116,9.92,9174,9.76,3582,9.93,5139,9.75,4888,9.94,1922,9.74,5492,0
000001,2017-01-05 13:03:21,20170105,130321000,1483621401000000,1483621400999372,9.82,84,9.95,9.82,9.83,9.82,10.95,8.96,14144066,142961917.42,14598,9.89,9.77,53263,54436,9.83,6637,9.81,9093,9.84,1389,9.8,9931,9.85,5412,9.79,2101,9.86,2371,9.78,1116,9.87,2877,9.77,6352,9.88,8166,9.76,5981,9.89,6027,9.75,9204,9.9,2919,9.74,2933,9.91,7690,9.73,6202,9.92,9775,9.72,1523,0
000001,2017-01-05 13:03:50,20170105,130350000,1483621430000000,1483621430000446,9.83,84,9.95,9.83,9.84,9.83,10.95,8.96,14229860,143805654.31,14624,9.88,9.78,51987,58330,9.84,7331,9.82,4290,9.85,7510,9.81,8544,9.86,9644,9.8,6450,9.87,8690,9.79,4677,9.88,1081,9.78,8042,9.89,8038,9.77,5546,9.9,2847,9.76,4628,9.91,1554,9.75,1381,9.92,3793,9.74,9327,9.93,1499,9.73,5445,0
000001,2017-01-05 13:04:19,20170105,130419000,1483621459000000,1483621459000897,9.86,84,9.95,9.86,9.87,9.86,10.95,8.96,14250780,144012012.51,14696,9.92,9.8,62634,49448,9.87,9080,9.85,3623,9.88,4540,9.84,4094,9.89,4236,9.83,1454,9.9,5750,9.82,5669,9.91,9829,9.81,1186,9.92,3761,9.8,9691,9.93,1837,9.79,8121,9.94,9168,9.78,8431,9.95,8977,9.77,5944,9.96,5456,9.76,1235,0
000001,2017-01-05 13:04:48,20170105,130448000,1483621488000000,1483621487999413,9.86,84,9.95,9.86,9.87,9.84,10.95,8.96,14261126,144113996.21,14746,9.91,9.81,47380,48335,9.87,1917,9.85,4193,9.88,2428,9.84,7642,9.89,6760,9.83,9952,9.9,7483,9.82,4833,9.91,7860,9.81,4268,9.92,4984,9.8,4098,9.93,3364,9.79,1629,9.94,1727,9.78,6048,9.95,1992,9.77,2335,9.96,8865,9.76,3337,0
000001,2017-01-05 13:05:16,20170105,130516000,1483621516000000,1483621515999628,9.84,84,9.95,9.84,9.86,9.83,10.95,8.96,14339469,144885041.82,14790,9.89,9.79,56561,37815,9.85,7786,9.83,1889,9.86,9697,9.82,3249,9.87,3542,9.81,1938,9.88,7115,9.8,9822,9.89,2706,9.79,5518,9.9,9621,9.78,5350,9.91,5442,9.77,4584,9.92,1015,9.76,1078,9.93,8574,9.75,3322,9.94,1063,9.74,1065,0
000001,2017-01-05 13:05:45,20170105,130545000,1483621545000000,1483621544999734,9.82,84,9.95,9.82,9.85,9.82,10.95,8.96,14364043,145126471.98,14815,9.88,9.76,53289,55657,9.83,4511,9.81,1854,9.84,7987,9.8,4398,9.85,8347,9.79,2924,9.86,1379,9.78,1088,9.87,5458,9.77,9261,9.88,8496,9.76,4086,9.89,7976,9.75,7949,9.9,1081,9.74,7809,9.91,4903,9.73,9283,9.92,3151,9.72,7005,0
000001,2017-01-05 13:06:14,20170105,130614000,1483621574000000,1483621574000514,9.79,84,9.95,9.79,9.79,9.78,10.95,8.96,14427975,145752305.99,14875,9.85,9.74,48489,54291,9.8,2374,9.78,5142,9.81,7024,9.77,8906,9.82,3992,9.76,8169,9.83,2736,9.75,6508,9.84,3142,9.74,3033,9.85,4501,9.73,8087,9.86,4663,9.72,4391,9.87,6217,9.71,4051,9.88,5541,9.7,4983,9.89,8299,9.69,1021,0
000001,2017-01-05 13:06:43,20170105,130643000,1483621603000000,1483621603000966,9.77,84,9.95,9.77,9.77,9.76,10.95,8.96,14453838,146004913.59,14885,9.82,9.72,54850,59013,9.78,4956,9.76,8202,9.79,6559,9.75,6517,9.8,5382,9.74,7119,9.81,3287,9.73,2336,9.82,8042,9.72,7465,9.83,9568,9.71,7325,9.84,1076,9.7,3079,9.85,1363,9.69,7043,9.86,8120,9.68,3019,9.87,6497,9.67,6908,0
000001,2017-01-05 13:07:12,20170105,130712000,1483621632000000,1483621631999400,9.76,84,9.95,9.76,9.76,9.76,10.95,8.96,14494996,146406508.32,14931,9.81,9.7,65802,71187,9.77,5678,9.75,5576,9.78,5969,9.74,5984,9.79,9121,9.73,8705,9.8,1600,9.72,5438,9.81,9963,9.71,7856,9.82,3202,9.7,8160,9.83,7719,9.69,9422,9.84,9219,9.68,6784,9.85,8053,9.67,3432,9.86,5278,9.66,9830,0
000001,2017-01-05 13:07:40,20170105,130740000,1483621660000000,1483621659999120,9.76,84,9.95,9.76,9.76,9.74,10.95,8.96,14594084,147373935.7,14991,9.82,9.71,48583,57515,9.77,8404,9.75,1721,9.78,2138,9.74,8767,9.79,6336,9.73,6260,9.8,4445,9.72,8888,9.81,2701,9.71,3965,9.82,4834,9.7,8244,9.83,2128,9.69,3803,9.84,7252,9.68,6631,9.85,7809,9.67,4303,9.86,2536,9.66,4933,0
000001,2017-01-05 13:08:09,20170105,130809000,1483621689000000,1483621689000639,9.77,84,9.95,9.77,9.78,9.77,10.95,8.96,14680201,148215662.38,15015,9.83,9.72,54580,61657,9.78,3990,9.76,1454,9.79,5914,9.75,7565,9.8,5870,9.74,4404,9.81,6210,9.73,9535,9.82,3419,9.72,9956,9.83,3775,9.71,2817,9.84,8328,9.7,7965,9.85,3885,9.69,6484,9.86,6109,9.68,3521,9.87,7080,9.67,7956,0
000001,2017-01-05 13:08:38,20170105,130838000,1483621718000000,1483621717999244,9.77,84,9.95,9.77,9.78,9.77,10.95,8.96,14711696,148523502.88,15080,9.83,9.71,57864,39416,9.78,1370,9.76,1415,9.79,5623,9.75,3359,9.8,7327,9.74,2390,9.81,5604,9.73,6639,9.82,7028,9.72,1643,9.83,7213,9.71,6011,9.84,4107,9.7,1879,9.85,8745,9.69,1250,9.86,6245,9.68,8615,9.87,4602,9.67,6215,0
000001,2017-01-05 13:09:07,20170105,130907000,1483621747000000,1483621746999493,9.77,84,9.95,9.77,9.77,9.76,10.95,8.96,14747177,148870073.29,15154,9.82,9.71,55395,58182,9.78,7007,9.76,4103,9.79,2040,9.75,8009,9.8,7421,9.74,1986,9.81,9382,9.73,4957,9.82,7278,9.72,9827,9.83,7909,9.71,3939,9.84,6585,9.7,9809,9.85,1524,9.69,2984,9.86,3580,9.68,6404,9.87,2669,9.67,6164,0
000001,2017-01-05 13:09:36,20170105,130936000,1483621776000000,1483621776000291,9.74,84,9.95,9.74,9.74,9.74,10.95,8.96,14809334,149475344.57,15189,9.79,9.68,47516,57074,9.75,2998,9.73,1760,9.76,2727,9.72,4934,9.77,6766,9.71,4038,9.78,4116,9.7,8724,9.79,1548,9.69,4991,9.8,9853,9.68,9421,9.81,8762,9.67,7389,9.82,2691,9.66,4942,9.83,4617,9.65,4886,9.84,3438,9.64,5989,0
000001,2017-01-05 13:10:04,20170105,131004000,1483621804000000,1483621804000977,9.75,84,9.95,9.75,9.76,9.75,10.95,8.96,14836092,149736256.14,15206,9.82,9.7,54723,68267,9.76,1732,9.74,7412,9.77,1126,9.73,7592,9.78,7512,9.72,7408,9.79,3480,9.71,9681,9.8,3211,9.7,6373,9.81,9940,9.69,4845,9.82,5306,9.68,9771,9.83,7723,9.67,6779,9.84,6080,9.66,6836,9.85,8613,9.65,1570,0
000001,2017-01-05 13:10:33,20170105,131033000,1483621833000000,1483621832999581,9.76,84,9.95,9.76,9.76,9.74,10.95,8.96,14896447,150325429.53,15244,9.81,9.71,49709,58657,9.77,5872,9.75,5238,9.78,6815,9.74,7163,9.79,6308,9.73,3138,9.8,4040,9.72,8492,9.81,1760,9.71,9982,9.82,4867,9.7,3837,9.83,6569,9.69,7475,9.84,7564,9.68,5979,9.85,1409,9.67,1443,9.86,4505,9.66,5910,0
000001,2017-01-05 13:11:02,20170105,131102000,1483621862000000,1483621862000712,9.72,84,9.95,9.72,9.73,9.72,10.95,8.96,14911845,150475169.45,15280,9.78,9.67,49291,61368,9.73,3762,9.71,5560,9.74,6215,9.7,7943,9.75,2758,9.69,8669,9.76,9901,9.68,2291,9.77,4829,9.67,3972,9.78,1098,9.66,7100,9.79,9603,9.65,6758,9.8,3583,9.64,4915,9.81,2236,9.63,9310,9.82,5306,9.62,4850,0
000001,2017-01-05 13:11:31,20170105,131131000,1483621891000000,1483621891000136,9.73,84,9.95,9.73,9.74,9.71,10.95,8.96,14946728,150814440.98,15377,9.77,9.67,43301,64114,9.74,9271,9.72,7235,9.75,3787,9.71,5021,9.76,3195,9.7,4375,9.77,5357,9.69,8573,9.78,3007,9.68,8347,9.79,4627,9.67,6548,9.8,5828,9.66,7229,9.81,1037,9.65,8621,9.82,5744,9.64,4611,9.83,1448,9.63,3554,0
000001,2017-01-05 13:12:00,20170105,131200000,1483621920000000,1483621920000971,9.72,84,9.95,9.72,9.72,9.7,10.95,8.96,14972383,151063692.15,15439,9.77,9.67,58226,42207,9.73,5033,9.71,2663,9.74,7421,9.7,7446,9.75,1383,9.69,8584,9.76,8774,9.68,4595,9.77,3875,9.67,1798,9.78,6947,9.66,3383,9.79,9468,9.65,1753,9.8,6273,9.64,8969,9.81,7285,9.63,1733,9.82,1767,9.62,1283,0
000001,2017-01-05 13:12:28,20170105,131228000,1483621948000000,1483621947999858,9.73,84,9.95,9.73,9.73,9.72,10.95,8.96,15033363,151656995.7,15456,9.78,9.67,78019,59203,9.74,7213,9.72,9176,9.75,7700,9.71,5113,9.76,9237,9.7,1098,9.77,8200,9.69,2313,9.78,8635,9.68,5632,9.79,7713,9.67,5204,9.8,4597,9.66,8661,9.81,9286,9.65,6243,9.82,7274,9.64,9161,9.83,8164,9.63,6602,0
000001,2017-01-05 13:12:57,20170105,131257000,1483621977000000,1483621977000386,9.72,84,9.95,9.72,9.73,9.71,10.95,8.96,15099502,152300057.58,15498,9.78,9.68,67575,51631,9.73,9574,9.71,7137,9.74,2207,9.7,6600,9.75,4883,9.69,9450,9.76,9100,9.68,1862,9.77,7022,9.67,6254,9.78,4512,9.66,8034,9.79,4535,9.65,3350,9.8,8015,9.64,3963,9.81,8756,9.63,1834,9.82,8971,9.62,3147,0
000001,2017-01-05 13:13:26,20170105,131326000,1483622006000000,1483622006000077,9.74,84,9.95,9.74,9.75,9.74,10.95,8.96,15117503,152475426.52,15589,9.8,9.69,51538,47666,9.75,5057,9.73,3440,9.76,7436,9.72,4978,9.77,7283,9.71,3810,9.78,2258,9.7,7176,9.79,2765,9.69,4446,9.8,3725,9.68,3485,9.81,3373,9.67,6543,9.82,7763,9.66,8823,9.83,6697,9.65,1073,9.84,5181,9.64,3892,0
000001,2017-01-05 13:13:55,20170105,131355000,1483622035000000,1483622034999396,9.72,84,9.95,9.72,9.74,9.72,10.95,8.96,15193387,153213288.46,15685,9.77,9.67,64084,50698,9.73,5510,9.71,3202,9.74,7401,9.7,7774,9.75,9776,9.69,5626,9.76,9790,9.68,9545,9.77,5689,9.67,3111,9.78,9068,9.66,5369,9.79,2244,9.65,2747,9.8,1292,9.64,1172,9.81,7987,9.63,5764,9.82,5327,9.62,6388,0
000001,2017-01-05 13:14:24,20170105,131424000,1483622064000000,1483622064000980,9.73,84,9.95,9.73,9.75,9.73,10.95,8.96,15252819,153791608.92,15718,9.79,9.67,57589,58493,9.74,7880,9.72,3284,9.75,4015,9.71,1953,9.76,6371,9.7,7988,9.77,3035,9.69,4787,9.78,6606,9.68,1573,9.79,6179,9.67,8005,9.8,2948,9.66,8217,9.81,9271,9.65,6292,9.82,6312,9.64,9248,9.83,4972,9.63,7146,0
000001,2017-01-05 13:14:52,20170105,131452000,1483622092000000,1483622091999859,9.73,84,9.95,9.73,9.73,9.72,10.95,8.96,15345521,154693395.23,15791,9.78,9.67,47407,55933,9.74,5753,9.72,7667,9.75,2603,9.71,5155,9.76,8011,9.7,5984,9.77,4799,9.69,3234,9.78,3712,9.68,8232,9.79,2426,9.67,5174,9.8,1254,9.66,4616,9.81,8471,9.65,4652,9.82,3227,9.64,1606,9.83,7151,9.63,9613,0
000001,2017-01-05 13:15:21,20170105,131521000,1483622121000000,1483622121000238,9.75,84,9.95,9.75,9.76,9.74,10.95,8.96,15425654,155474489.07,15829,9.81,9.69,50984,62414,9.76,1612,9.74,1487,9.77,4292,9.73,8000,9.78,5314,9.72,5353,9.79,1381,9.71,8915,9.8,5832,9.7,9364,9.81,7973,9.69,9256,9.82,4138,9.68,8514,9.83,1802,9.67,1349,9.84,9205,9.66,4824,9.85,9435,9.65,5352,0
000001,2017-01-05 13:15:50,20170105,131550000,1483622150000000,1483622150000341,9.8,84,9.95,9.8,9.81,9.8,10.95,8.96,15511979,156320894.07,15845,9.86,9.75,59118,49753,9.81,9843,9.79,6518,9.82,2185,9.78,1432,9.83,1235,9.77,5404,9.84,6707,9.76,3972,9.85,7933,9.75,3769,9.86,2426,9.74,7182,9.87,5376,9.73,8305,9.88,9633,9.72,7543,9.89,6974,9.71,1160,9.9,6806,9.7,4468,0
000001,2017-01-05 13:16:19,20170105,131619000,1483622179000000,1483622179000974,9.79,84,9.95,9.79,9.79,9.79,10.95,8.96,15544923,156643469.11,15924,9.85,9.74,66159,58032,9.8,2908,9.78,6600,9.81,9116,9.77,3290,9.82,1890,9.76,9544,9.83,7152,9.75,4260,9.84,9362,9.74,8043,9.85,7098,9.73,5252,9.86,7125,9.72,2728,9.87,2618,9.71,3852,9.88,9469,9.7,4713,9.89,9421,9.69,9750,0
000001,2017-01-05 13:16:48,20170105,131648000,1483622208000000,1483622208000996,9.79,84,9.95,9.79,9.79,9.78,10.95,8.96,15626186,157438650.96,15948,9.84,9.73,50734,59045,9.8,5339,9.78,7866,9.81,8519,9.77,4702,9.82,3494,9.76,5388,9.83,4155,9.75,3610,9.84,6983,9.74,5130,9.85,1277,9.73,4490,9.86,5343,9.72,7593,9.87,7349,9.71,3966,9.88,4772,9.7,9306,9.89,3503,9.69,6994,0
000001,2017-01-05 13:17:16,20170105,131716000,1483622236000000,1483622235999508,9.77,84,9.95,9.77,9.78,9.75,10.95,8.96,15647409,157645932.56,15963,9.82,9.71,44871,49979,9.78,1366,9.76,2415,9.79,6115,9.75,4440,9.8,4404,9.74,5237,9.81,3865,9.73,7425,9.82,7298,9.72,3196,9.83,4818,9.71,1803,9.84,4815,9.7,9200,9.85,6304,9.69,6628,9.86,3042,9.68,7829,9.87,2844,9.67,1806,0
000001,2017-01-05 13:17:45,20170105,131745000,1483622265000000,1483622265000503,9.74,84,9.95,9.74,9.74,9.73,10.95,8.96,15717944,158332803.79,16042,9.79,9.68,62236,48164,9.75,9918,9.73,2975,9.76,5456,9.72,9795,9.77,5159,9.71,3825,9.78,7253,9.7,1953,9.79,7281,9.69,1613,9.8,3586,9.68,9337,9.81,2503,9.67,2408,9.82,7817,9.66,6163,9.83,4756,9.65,4889,9.84,8507,9.64,5206,0
000001,2017-01-05 13:18:14,20170105,131814000,1483622294000000,1483622293999768,9.72,84,9.95,9.72,9.72,9.71,10.95,8.96,15808092,159209001.03,16111,9.77,9.67,68986,41720,9.73,8213,9.71,6159,9.74,4391,9.7,5207,9.75,8523,9.69,4117,9.76,7942,9.68,1246,9.77,8192,9.67,2859,9.78,6105,9.66,8094,9.79,6000,9.65,4627,9.8,6449,9.64,2824,9.81,5947,9.63,2984,9.82,7224,9.62,3603,0
000001,2017-01-05 13:18:43,20170105,131843000,1483622323000000,1483622322999213,9.72,84,9.95,9.72,9.74,9.7,10.95,8.96,15825231,159375543.37,16177,9.77,9.66,74631,47419,9.73,7936,9.71,6906,9.74,7530,9.7,3062,9.75,8899,9.69,3509,9.76,7477,9.68,5472,9.77,7997,9.67,5399,9.78,8648,9.66,1117,9.79,7553,9.65,2477,9.8,9258,9.64,7281,9.81,6953,9.63,5859,9.82,2380,9.62,6337,0
000001,2017-01-05 13:19:12,20170105,131912000,1483622352000000,1483622352000761,9.72,84,9.95,9.72,9.72,9.71,10.95,8.96,15897491,160077582.02,16235,9.77,9.67,51144,51867,9.73,6448,9.71,5970,9.74,4361,9.7,7318,9.75,4198,9.69,6551,9.76,8522,9.68,9993,9.77,2583,9.67,1075,9.78,4322,9.66,4225,9.79,6072,9.65,1584,9.8,7817,9.64,4482,9.81,1964,9.63,9400,9.82,4857,9.62,1269,0
000001,2017-01-05 13:19:40,20170105,131940000,1483622380000000,1483622379999835,9.69,84,9.95,9.69,9.69,9.68,10.95,8.96,15997323,161044893.85,16323,9.74,9.63,60156,77940,9.7,3645,9.68,7608,9.71,8111,9.67,9316,9.72,3603,9.66,7240,9.73,6074,9.65,4315,9.74,7916,9.64,8401,9.75,9660,9.63,9156,9.76,5860,9.62,5882,9.77,7101,9.61,7829,9.78,5869,9.6,9299,9.79,2317,9.59,8894,0
000001,2017-01-05 13:20:09,20170105,132009000,1483622409000000,1483622408999064,9.7,84,9.95,9.7,9.71,9.68,10.95,8.96,16071429,161763892.42,16409,9.76,9.64,42544,37369,9.71,2034,9.69,1300,9.72,8319,9.68,3295,9.73,7825,9.67,2046,9.74,1986,9.66,4172,9.75,2703,9.65,2493,9.76,1652,9.64,2301,9.77,6534,9.63,7201,9.78,2150,9.62,6277,9.79,5113,9.61,6178,9.8,4228,9.6,2106,0
000001,2017-01-05 13:20:38,20170105,132038000,1483622438000000,1483622438000843,9.7,84,9.95,9.7,9.72,9.7,10.95,8.96,16126914,162302092.93,16452,9.75,9.64,56771,47799,9.71,5931,9.69,1441,9.72,8795,9.68,1785,9.73,6894,9.67,6918,9.74,8998,9.66,7536,9.75,5610,9.65,3396,9.76,2362,9.64,8002,9.77,2613,9.63,1912,9.78,4352,9.62,7492,9.79,1967,9.61,2076,9.8,9249,9.6,7241,0
000001,2017-01-05 13:21:07,20170105,132107000,1483622467000000,1483622466999434,9.72,84,9.95,9.72,9.72,9.7,10.95,8.96,16216527,163172909.48,16507,9.77,9.66,51716,50845,9.73,2288,9.71,4748,9.74,8592,9.7,3284,9.75,4873,9.69,5657,9.76,1975,9.68,4769,9.77,8332,9.67,8660,9.78,7811,9.66,5165,9.79,2868,9.65,6960,9.8,8904,9.64,2255,9.81,1984,9.63,6521,9.82,4089,9.62,2826,0
000001,2017-01-05 13:21:36,20170105,132136000,1483622496000000,1483622495999379,9.7,84,9.95,9.7,9.72,9.69,10.95,8.96,16312437,164103417.14,16591,9.75,9.65,56562,47226,9.71,7665,9.69,9542,9.72,3376,9.68,1664,9.73,6805,9.67,2305,9.74,6331,9.66,3504,9.75,9018,9.65,8410,9.76,7486,9.64,3948,9.77,2216,9.63,4538,9.78,2253,9.62,6731,9.79,5719,9.61,1038,9.8,5693,9.6,5546,0
000001,2017-01-05 13:22:04,20170105,132204000,1483622524000000,1483622524000116,9.71,84,9.95,9.71,9.72,9.71,10.95,8.96,16384971,164807894.11,16671,9.76,9.66,53476,53597,9.72,7111,9.7,1306,9.73,4988,9.69,9209,9.74,8473,9.68,3903,9.75,8767,9.67,7688,9.76,1411,9.66,5877,9.77,4491,9.65,6693,9.78,7436,9.64,9534,9.79,6462,9.63,1967,9.8,2887,9.62,4427,9.81,1450,9.61,2993,0
000001,2017-01-05 13:22:33,20170105,132233000,1483622553000000,1483622553000075,9.73,84,9.95,9.73,9.73,9.72,10.95,8.96,16463678,165573415.37,16738,9.78,9.67,45188,65998,9.74,5753,9.72,9673,9.75,2798,9.71,7548,9.76,5462,9.7,5847,9.77,1581,9.69,6395,9.78,6372,9.68,4388,9.79,1847,9.67,2654,9.8,5727,9.66,7323,9.81,8423,9.65,9066,9.82,6219,9.64,5568,9.83,1006,9.63,7536,0
000001,2017-01-05 13:23:02,20170105,132302000,1483622582000000,1483622582000128,9.73,84,9.95,9.73,9.75,9.72,10.95,8.96,16482321,165754819.11,16755,9.79,9.67,50468,43567,9.74,3803,9.72,2329,9.75,4347,9.71,3594,9.76,5462,9.7,1804,9.77,3058,9.69,7350,9.78,9461,9.68,5917,9.79,1708,9.67,3595,9.8,4620,9.66,6804,9.81,9768,9.65,4489,9.82,3604,9.64,4178,9.83,4637,9.63,3507,0
000001,2017-01-05 13:23:31,20170105,132331000,1483622611000000,1483622611000873,9.71,84,9.95,9.71,9.72,9.69,10.95,8.96,16578698,166690362.25,16829,9.76,9.65,37576,42302,9.72,1961,9.7,8907,9.73,6113,9.69,1193,9.74,2885,9.68,3100,9.75,1707,9.67,6251,9.76,8572,9.66,1755,9.77,3617,9.65,4399,9.78,4592,9.64,1998,9.79,3566,9.63,8636,9.8,2065,9.62,3123,9.81,2498,9.61,2940,0
000001,2017-01-05 13:24:00,20170105,132400000,1483622640000000,1483622640000506,9.7,84,9.95,9.7,9.71,9.69,10.95,8.96,16597235,166870108.18,16871,9.76,9.64,49584,57863,9.71,2067,9.69,6331,9.72,4737,9.68,3969,9.73,2226,9.67,9104,9.74,6402,9.66,8249,9.75,6202,9.65,1650,9.76,1149,9.64,5300,9.77,9899,9.63,9708,9.78,4168,9.62,8537,9.79,5815,9.61,2308,9.8,6919,9.6,2707,0
000001,2017-01-05 13:24:28,20170105,132428000,1483622668000000,1483622667999471,9.66,84,9.95,9.66,9.67,9.64,10.95,8.96,16620836,167098091.96,16965,9.72,9.61,54462,54637,9.67,1531,9.65,7710,9.68,5734,9.64,7619,9.69,9703,9.63,2039,9.7,2005,9.62,8063,9.71,7251,9.61,7485,9.72,7304,9.6,1539,9.73,5477,9.59,4478,9.74,5135,9.58,4503,9.75,3125,9.57,2927,9.76,7197,9.56,8274,0
000001,2017-01-05 13:24:57,20170105,132457000,1483622697000000,1483622697000712,9.66,84,9.95,9.66,9.67,9.65,10.95,8.96,16664738,167522114.81,17037,9.71,9.6,47058,56483,9.67,2333,9.65,3951,9.68,9765,9.64,2067,9.69,1873,9.63,4954,9.7,5844,9.62,6123,9.71,5295,9.61,5338,9.72,3570,9.6,9578,9.73,8307,9.59,2193,9.74,2516,9.58,8881,9.75,1481,9.57,7859,9.76,6074,9.56,5539,0
000001,2017-01-05 13:25:26,20170105,132526000,1483622726000000,1483622725999679,9.64,84,9.95,9.64,9.65,9.61,10.95,8.96,16720296,168057475.56,17106,9.69,9.58,63487,36928,9.65,5025,9.63,3876,9.66,5688,9.62,6644,9.67,9774,9.61,1432,9.68,8893,9.6,5555,9.69,9412,9.59,1308,9.7,6034,9.58,3069,9.71,7106,9.57,1977,9.72,2490,9.56,3870,9.73,7347,9.55,2985,9.74,1718,9.54,6212,0
000001,2017-01-05 13:25:55,20170105,132555000,1483622755000000,1483622754999002,9.65,84,9.95,9.65,9.65,9.64,10.95,8.96,16784020,168672094.22,17119,9.7,9.59,57343,57061,9.66,9568,9.64,5512,9.67,5679,9.63,3480,9.68,1857,9.62,6054,9.69,4769,9.61,2695,9.7,9962,9.6,6665,9.71,4537,9.59,2950,9.72,5655,9.58,8756,9.73,3350,9.57,8620,9.74,2659,9.56,6578,9.75,9307,9.55,5751,0
000001,2017-01-05 13:26:24,20170105,132624000,1483622784000000,1483622784000783,9.62,84,9.95,9.62,9.63,9.62,10.95,8.96,16882744,169622108.33,17158,9.68,9.57,43153,62421,9.63,2368,9.61,7619,9.64,7131,9.6,8897,9.65,1059,9.59,1074,9.66,9303,9.58,6260,9.67,5250,9.57,5080,9.68,4351,9.56,5432,9.69,1776,9.55,9465,9.7,4143,9.54,6216,9.71,6242,9.53,4480,9.72,1530,9.52,7898,0
000001,2017-01-05 13:26:52,20170105,132652000,1483622812000000,1483622811999286,9.64,84,9.95,9.64,9.64,9.62,10.95,8.96,16930782,170084993.87,17214,9.7,9.58,58229,56622,9.65,8449,9.63,7200,9.66,2416,9.62,7646,9.67,1548,9.61,1558,9.68,6602,9.6,4647,9.69,4564,9.59,2023,9.7,2615,9.58,7102,9.71,6055,9.57,6080,9.72,6228,9.56,8527,9.73,9862,9.55,5654,9.74,9890,9.54,6185,0
000001,2017-01-05 13:27:21,20170105,132721000,1483622841000000,1483622841000185,9.66,84,9.95,9.66,9.67,9.66,10.95,8.96,17011820,170867626.64,17258,9.71,9.6,65030,45396,9.67,8896,9.65,4182,9.68,9944,9.64,5067,9.69,9542,9.63,4054,9.7,2407,9.62,3287,9.71,2872,9.61,1363,9.72,5215,9.6,7740,9.73,4963,9.59,5991,9.74,9771,9.58,5727,9.75,1751,9.57,2758,9.76,9669,9.56,5227,0
000001,2017-01-05 13:27:50,20170105,132750000,1483622870000000,1483622869999594,9.63,84,9.95,9.63,9.65,9.61,10.95,8.96,17027146,171015170.69,17338,9.68,9.58,45158,49410,9.64,2451,9.62,8698,9.65,6893,9.61,1687,9.66,1986,9.6,9147,9.67,9026,9.59,3936,9.68,4415,9.58,2404,9.69,3219,9.57,2406,9.7,2835,9.56,7606,9.71,2342,9.55,3185,9.72,9878,9.54,7103,9.73,2113,9.53,3238,0
000001,2017-01-05 13:28:19,20170105,132819000,1483622899000000,1483622899000125,9.65,84,9.95,9.65,9.67,9.64,10.95,8.96,17112695,171840393.1,17395,9.7,9.58,63371,50989,9.66,4836,9.64,2311,9.67,8655,9.63,4000,9.68,3047,9.62,1121,9.69,9457,9.61,2208,9.7,2189,9.6,8612,9.71,9550,9.59,4972,9.72,5099,9.58,6355,9.73,5664,9.57,7263,9.74,6397,9.56,8604,9.75,8477,9.55,5543,0
000001,2017-01-05 13:28:48,20170105,132848000,1483622928000000,1483622927999141,9.65,84,9.95,9.65,9.66,9.63,10.95,8.96,17147444,172175868.29,17494,9.71,9.6,55793,66145,9.66,4008,9.64,4173,9.67,5836,9.63,3280,9.68,6986,9.62,9463,9.69,4722,9.61,5182,9.7,5274,9.6,6037,9.71,6085,9.59,9517,9.72,4071,9.58,9344,9.73,3985,9.57,4651,9.74,6675,9.56,5557,9.75,8151,9.55,8941,0
000001,2017-01-05 13:29:16,20170105,132916000,1483622956000000,1483622956000897,9.69,84,9.95,9.69,9.69,9.69,10.95,8.96,17158007,172278193.31,17511,9.74,9.64,52424,41339,9.7,5998,9.68,6313,9.71,5631,9.67,8246,9.72,3002,9.66,2900,9.73,7014,9.65,4978,9.74,7673,9.64,4091,9.75,5432,9.63,2067,9.76,2899,9.62,1090,9.77,5506,9.61,3099,9.78,1395,9.6,3605,9.79,7874,9.59,4950,0
000001,2017-01-05 13:29:45,20170105,132945000,1483622985000000,1483622985000434,9.7,84,9.95,9.7,9.71,9.69,10.95,8.96,17179225,172483957.75,17575,9.76,9.64,56392,46429,9.71,1587,9.69,1523,9.72,8807,9.68,1798,9.73,5381,9.67,9394,9.74,5739,9.66,5640,9.75,6201,9.65,5913,9.76,4654,9.64,9530,9.77,2295,9.63,2820,9.78,9789,9.62,4862,9.79,3312,9.61,2537,9.8,8627,9.6,2412,0
000001,2017-01-05 13:30:14,20170105,133014000,1483623014000000,1483623014000459,9.7,84,9.95,9.7,9.7,9.69,10.95,8.96,17270792,173372157.51,17594,9.76,9.64,50134,39626,9.71,1850,9.69,2352,9.72,5493,9.68,4409,9.73,2928,9.67,4978,9.74,4162,9.66,2324,9.75,4227,9.65,1214,9.76,9405,9.64,5102,9.77,4718,9.63,1069,9.78,6330,9.62,8447,9.79,8353,9.61,7819,9.8,2668,9.6,1912,0
000001,2017-01-05 13:30:43,20170105,133043000,1483623043000000,1483623042999870,9.71,84,9.95,9.71,9.71,9.7,10.95,8.96,17297996,173636294.7,17632,9.77,9.65,64840,54759,9.72,8149,9.7,3104,9.73,2110,9.69,9813,9.74,8931,9.68,1191,9.75,7236,9.67,7982,9.76,3681,9.66,3838,9.77,6077,9.65,5331,9.78,5965,9.64,6280,9.79,9331,9.63,2024,9.8,7128,9.62,5247,9.81,6232,9.61,9949,0
000001,2017-01-05 13:31:12,20170105,133112000,1483623072000000,1483623072000111,9.73,84,9.95,9.73,9.74,9.72,10.95,8.96,17356318,174204022.22,17730,9.79,9.67,66883,43654,9.74,5001,9.72,3780,9.75,9726,9.71,1060,9.76,9565,9.7,2249,9.77,1872,9.69,1850,9.78,5355,9.68,8509,9.79,6535,9.67,2122,9.8,9391,9.66,7257,9.81,7880,9.65,7655,9.82,6278,9.64,6797,9.83,5280,9.63,2375,0
000001,2017-01-05 13:31:40,20170105,133140000,1483623100000000,1483623099999371,9.73,84,9.95,9.73,9.75,9.73,10.95,8.96,17398825,174617629.44,17748,9.79,9.68,60081,44642,9.74,9759,9.72,8624,9.75,2793,9.71,2391,9.76,1897,9.7,5545,9.77,3902,9.69,1276,9.78,8088,9.68,5116,9.79,7282,9.67,1884,9.8,7738,9.66,5666,9.81,6976,9.65,9631,9.82,8210,9.64,2195,9.83,3436,9.63,2314,0
000001,2017-01-05 13:32:09,20170105,133209000,1483623129000000,1483623129000285,9.76,84,9.95,9.76,9.76,9.75,10.95,8.96,17444315,175061551.44,17762,9.81,9.7,66056,49319,9.77,5727,9.75,3758,9.78,7736,9.74,7571,9.79,3078,9.73,1178,9.8,9524,9.72,8113,9.81,6862,9.71,2436,9.82,9164,9.7,5387,9.83,2008,9.69,1942,9.84,6914,9.68,2899,9.85,7138,9.67,7869,9.86,7905,9.66,8166,0
000001,2017-01-05 13:32:38,20170105,133238000,1483623158000000,1483623157999096,9.75,84,9.95,9.75,9.76,9.74,10.95,8.96,17479626,175405829.81,17802,9.8,9.7,50805,51527,9.76,3444,9.74,3886,9.77,8399,9.73,9787,9.78,8094,9.72,5884,9.79,7386,9.71,3465,9.8,4758,9.7,1831,9.81,5109,9.69,7776,9.82,2292,9.68,2785,9.83,2136,9.67,5448,9.84,6943,9.66,2460,9.85,2244,9.65,8205,0
000001,2017-01-05 13:33:07,20170105,133307000,1483623187000000,1483623186999660,9.75,84,9.95,9.75,9.77,9.74,10.95,8.96,17521391,175813161.23,17864,9.81,9.7,54487,54427,9.76,2591,9.74,5900,9.77,6065,9.73,8142,9.78,3626,9.72,5518,9.79,3260,9.71,8969,9.8,9161,9.7,3260,9.81,1584,9.69,1560,9.82,9185,9.68,1440,9.83,6503,9.67,2280,9.84,7620,9.66,7845,9.85,4892,9.65,9513,0
000001,2017-01-05 13:33:36,20170105,133336000,1483623216000000,1483623215999183,9.73,84,9.95,9.73,9.73,9.73,10.95,8.96,17577714,176361158.77,17903,9.79,9.67,41415,51161,9.74,1979,9.72,3987,9.75,1579,9.71,2446,9.76,5915,9.7,2457,9.77,2459,9.69,4367,9.78,1968,9.68,4451,9.79,5058,9.67,5901,9.8,7868,9.66,9419,9.81,5567,9.65,9959,9.82,7543,9.64,1103,9.83,1479,9.63,7071,0
000001,2017-01-05 13:34:04,20170105,133404000,1483623244000000,1483623243999780,9.75,84,9.95,9.75,9.77,9.73,10.95,8.96,17595612,176535690.36,17961,9.81,9.7,63710,60682,9.76,7728,9.74,2959,9.77,5808,9.73,8554,9.78,5270,9.72,7100,9.79,3417,9.71,9810,9.8,9045,9.7,2106,9.81,7092,9.69,7817,9.82,6786,9.68,4970,9.83,7879,9.67,4738,9.84,2724,9.66,7439,9.85,7961,9.65,5189,0
000001,2017-01-05 13:34:33,20170105,133433000,1483623273000000,1483623273000642,9.73,84,9.95,9.73,9.74,9.73,10.95,8.96,17628827,176858869.01,17977,9.79,9.67,44681,61542,9.74,2591,9.72,2073,9.75,5112,9.71,2867,9.76,1772,9.7,5050,9.77,3722,9.69,4713,9.78,9624,9.68,6469,9.79,1579,9.67,7900,9.8,7082,9.66,9707,9.81,3690,9.65,8031,9.82,5251,9.64,9938,9.83,4258,9.63,4794,0
000001,2017-01-05 13:35:02,20170105,133502000,1483623302000000,1483623302000294,9.72,84,9.95,9.72,9.72,9.71,10.95,8.96,17664479,177205468.57,18007,9.78,9.67,68471,48522,9.73,7994,9.71,4417,9.74,5865,9.7,5708,9.75,8624,9.69,5635,9.76,4571,9.68,2345,9.77,9336,9.67,5044,9.78,5418,9.66,4870,9.79,2647,9.65,6642,9.8,5995,9.64,8655,9.81,9236,9.63,3825,9.82,8785,9.62,1381,0
000001,2017-01-05 13:35:31,20170105,133531000,1483623331000000,1483623330999926,9.76,84,9.95,9.76,9.76,9.75,10.95,8.96,17700607,177557978.08,18018,9.81,9.7,52506,55950,9.77,3963,9.75,4965,9.78,5257,9.74,6523,9.79,3306,9.73,3337,9.8,6370,9.72,5044,9.81,9079,9.71,6931,9.82,6403,9.7,8768,9.83,9286,9.69,7045,9.84,1481,9.68,6039,9.85,1203,9.67,3300,9.86,6158,9.66,3998,0
000001,2017-01-05 13:36:00,20170105,133600000,1483623360000000,1483623360000830,9.79,84,9.95,9.79,9.8,9.79,10.95,8.96,17720896,177756641.99,18063,9.85,9.74,45751,66183,9.8,1310,9.78,7616,9.81,6785,9.77,3586,9.82,3746,9.76,9623,9.83,4765,9.75,7787,9.84,2365,9.74,6076,9.85,4823,9.73,6582,9.86,4815,9.72,9985,9.87,6485,9.71,2748,9.88,6633,9.7,6760,9.89,4024,9.69,5420,0
000001,2017-01-05 13:36:28,20170105,133628000,1483623388000000,1483623388000327,9.82,84,9.95,9.82,9.83,9.81,10.95,8.96,17815359,178684642.66,18123,9.88,9.77,49536,66560,9.83,1258,9.81,6537,9.84,5813,9.8,9472,9.85,2766,9.79,4435,9.86,8268,9.78,9055,9.87,7792,9.77,5642,9.88,6553,9.76,5804,9.89,4962,9.75,6934,9.9,5367,9.74,3731,9.91,4791,9.73,8380,9.92,1966,9.72,6570,0
000001,2017-01-05 13:36:57,20170105,133657000,1483623417000000,1483623416999756,9.83,84,9.95,9.83,9.84,9.83,10.95,8.96,17877243,179293229.41,18178,9.89,9.78,55917,70166,9.84,4616,9.82,5218,9.85,3434,9.81,8757,9.86,4660,9.8,6811,9.87,3041,9.79,9161,9.88,5432,9.78,4107,9.89,8421,9.77,6336,9.9,7008,9.76,9024,9.91,9655,9.75,3226,9.92,3467,9.74,8220,9.93,6183,9.73,9306,0
000001,2017-01-05 13:37:26,20170105,133726000,1483623446000000,1483623445999628,9.8,84,9.95,9.8,9.82,9.79,10.95,8.96,17967616,180179159.01,18206,9.86,9.74,49995,44853,9.81,5768,9.79,1884,9.82,6289,9.78,2215,9.83,4735,9.77,7097,9.84,3604,9.76,1625,9.85,1385,9.75,9955,9.86,9347,9.74,1404,9.87,4821,9.73,6158,9.88,6038,9.72,5523,9.89,3918,9.71,7628,9.9,4090,9.7,1364,0
000001,2017-01-05 13:37:55,20170105,133755000,1483623475000000,1483623474999194,9.79,84,9.95,9.79,9.79,9.78,10.95,8.96,18056622,181050369.09,18240,9.85,9.74,41264,61529,9.8,4026,9.78,5454,9.81,5781,9.77,9653,9.82,1108,9.76,4166,9.83,1171,9.75,4856,9.84,2340,9.74,7594,9.85,8335,9.73,7736,9.86,5547,9.72,4014,9.87,2663,9.71,7520,9.88,4970,9.7,7259,9.89,5323,9.69,3277,0
000001,2017-01-05 13:38:24,20170105,133824000,1483623504000000,1483623503999432,9.81,84,9.95,9.81,9.82,9.81,10.95,8.96,18076706,181247448.52,18335,9.87,9.76,56380,59714,9.82,3536,9.8,7552,9.83,1812,9.79,4502,9.84,6407,9.78,8344,9.85,7993,9.77,6054,9.86,4867,9.76,5028,9.87,9319,9.75,3613,9.88,6041,9.74,9887,9.89,3268,9.73,2573,9.9,8910,9.72,4172,9.91,4227,9.71,7989,0
000001,2017-01-05 13:38:52,20170105,133852000,1483623532000000,1483623532000628,9.82,84,9.95,9.82,9.82,9.81,10.95,8.96,18126945,181740604.79,18409,9.87,9.76,62710,66592,9.83,6753,9.81,9576,9.84,7871,9.8,8443,9.85,1139,9.79,3761,9.86,9388,9.78,9142,9.87,5192,9.77,7480,9.88,5283,9.76,2527,9.89,7363,9.75,6936,9.9,8110,9.74,9646,9.91,8734,9.73,1133,9.92,2877,9.72,7948,0
000001,2017-01-05 13:39:21,20170105,133921000,1483623561000000,1483623560999558,9.82,84,9.95,9.82,9.82,9.81,10.95,8.96,18184391,182304440.06,18440,9.87,9.77,48771,56523,9.83,6897,9.81,8062,9.84,2976,9.8,5058,9.85,8227,9.79,9328,9.86,5436,9.78,5614,9.87,3567,9.77,2547,9.88,5825,9.76,3621,9.89,1188,9.75,7560,9.9,8890,9.74,9996,9.91,1597,9.73,1166,9.92,4168,9.72,3571,0
000001,2017-01-05 13:39:50,20170105,133950000,1483623590000000,1483623589999645,9.83,84,9.95,9.83,9.84,9.83,10.95,8.96,18272820,183173784.5,18503,9.89,9.78,76813,58505,9.84,8447,9.82,3835,9.85,3763,9.81,7929,9.86,9698,9.8,8297,9.87,8516,9.79,4015,9.88,9266,9.78,6179,9.89,6051,9.77,7362,9.9,8551,9.76,8138,9.91,8044,9.75,1262,9.92,9398,9.74,4633,9.93,5079,9.73,6855,0
000001,2017-01-05 13:40:19,20170105,134019000,1483623619000000,1483623619000956,9.88,84,9.95,9.88,9.89,9.86,10.95,8.96,18352670,183962510.32,18545,9.93,9.82,47742,51037,9.89,6441,9.87,6393,9.9,9235,9.86,8030,9.91,1345,9.85,2847,9.92,7289,9.84,2195,9.93,3639,9.83,2024,9.94,7950,9.82,3607,9.95,1179,9.81,8674,9.96,2501,9.8,6897,9.97,6821,9.79,5515,9.98,1342,9.78,4855,0
000001,2017-01-05 13:40:48,20170105,134048000,1483623648000000,1483623648000259,9.87,84,9.95,9.87,9.88,9.85,10.95,8.96,18439763,184822287.61,18639,9.92,9.82,47042,39913,9.88,4836,9.86,4150,9.89,3264,9.85,1265,9.9,9591,9.84,4142,9.91,3330,9.83,8800,9.92,3229,9.82,7902,9.93,8928,9.81,4199,9.94,1886,9.8,1255,9.95,1368,9.79,3813,9.96,5966,9.78,1126,9.97,4644,9.77,3261,0
000001,2017-01-05 13:41:16,20170105,134116000,1483623676000000,1483623675999949,9.87,84,9.95,9.87,9.88,9.87,10.95,8.96,18528198,185695523.97,18723,9.92,9.82,44865,64468,9.88,8365,9.86,7658,9.89,7525,9.85,8155,9.9,5041,9.84,5022,9.91,6549,9.83,4488,9.92,1705,9.82,9670,9.93,3284,9.81,4209,9.94,1056,9.8,3498,9.95,1562,9.79,9595,9.96,4259,9.78,6063,9.97,5519,9.77,6110,0
000001,2017-01-05 13:41:45,20170105,134145000,1483623705000000,1483623705000132,9.84,84,9.95,9.84,9.85,9.83,10.95,8.96,18591554,186318737.66,18772,9.89,9.78,51577,53227,9.85,4932,9.83,6274,9.86,6089,9.82,1951,9.87,6701,9.81,5712,9.88,3177,9.8,7522,9.89,5073,9.79,7113,9.9,7161,9.78,6829,9.91,8455,9.77,3366,9.92,1935,9.76,3458,9.93,3399,9.75,8649,9.94,4655,9.74,2353,0
000001,2017-01-05 13:42:14,20170105,134214000,1483623734000000,1483623734000685,9.84,84,9.95,9.84,9.85,9.83,10.95,8.96,18681402,187202570.99,18869,9.89,9.78,51878,63377,9.85,3195,9.83,2747,9.86,7731,9.82,1677,9.87,5445,9.81,8577,9.88,4832,9.8,8472,9.89,6852,9.79,7741,9.9,9729,9.78,7665,9.91,1696,9.77,8604,9.92,2177,9.76,7728,9.93,4417,9.75,8186,9.94,5804,9.74,1980,0
000001,2017-01-05 13:42:43,20170105,134243000,1483623763000000,1483623762999957,9.86,84,9.95,9.86,9.88,9.85,10.95,8.96,18762492,188001861.39,18908,9.91,9.79,68947,35220,9.87,5519,9.85,1221,9.88,6272,9.84,2258,9.89,9988,9.83,1912,9.9,4455,9.82,1297,9.91,4517,9.81,8624,9.92,9815,9.8,4481,9.93,5749,9.79,1366,9.94,6664,9.78,2636,9.95,6055,9.77,2666,9.96,9913,9.76,8759,0
000001,2017-01-05 13:43:12,20170105,134312000,1483623792000000,1483623792000059,9.85,84,9.95,9.85,9.87,9.85,10.95,8.96,18786934,188242699.08,18922,9.91,9.8,59654,56731,9.86,6081,9.84,4988,9.87,5253,9.83,5732,9.88,5964,9.82,7452,9.89,4583,9.81,2896,9.9,8054,9.8,7390,9.91,4538,9.79,3582,9.92,4518,9.78,6192,9.93,9746,9.77,8493,9.94,5104,9.76,7595,9.95,5813,9.75,2411,0
000001,2017-01-05 13:43:40,20170105,134340000,1483623820000000,1483623819999586,9.85,84,9.95,9.85,9.86,9.83,10.95,8.96,18821310,188581266.11,18941,9.9,9.8,50230,40358,9.86,4505,9.84,5217,9.87,4448,9.83,3973,9.88,9273,9.82,1079,9.89,4636,9.81,5768,9.9,5084,9.8,2224,9.91,2464,9.79,9351,9.92,1342,9.78,6938,9.93,8023,9.77,1484,9.94,3850,9.76,2938,9.95,6605,9.75,1386,0
000001,2017-01-05 13:44:09,20170105,134409000,1483623849000000,1483623848999425,9.86,84,9.95,9.86,9.87,9.85,10.95,8.96,18884724,189206795.82,18954,9.92,9.8,73775,51031,9.87,4907,9.85,4085,9.88,7452,9.84,1984,9.89,8551,9.83,5765,9.9,9297,9.82,4240,9.91,8884,9.81,3082,9.92,4392,9.8,5135,9.93,9281,9.79,6617,9.94,9847,9.78,3808,9.95,6302,9.77,9172,9.96,4862,9.76,7143,0
000001,2017-01-05 13:44:38,20170105,134438000,1483623878000000,1483623878000105,9.89,84,9.95,9.89,9.9,9.88,10.95,8.96,18943452,189787592.48,18979,9.94,9.83,52305,64148,9.9,3857,9.88,3743,9.91,8125,9.87,5709,9.92,8852,9.86,5859,9.93,2206,9.85,2502,9.94,8608,9.84,9202,9.95,2547,9.83,9642,9.96,8590,9.82,7630,9.97,1808,9.81,6093,9.98,2216,9.8,4480,9.99,5496,9.79,9288,0
000001,2017-01-05 13:45:07,20170105,134507000,1483623907000000,1483623907000670,9.85,84,9.95,9.85,9.86,9.84,10.95,8.96,18998827,190333203.74,19026,9.91,9.79,28939,52731,9.86,1349,9.84,6157,9.87,2593,9.83,3553,9.88,2921,9.82,2235,9.89,1240,9.81,2774,9.9,2569,9.8,3143,9.91,1983,9.79,7417,9.92,9095,9.78,3233,9.93,4354,9.77,9893,9.94,1270,9.76,4608,9.95,1565,9.75,9718,0
000001,2017-01-05 13:45:36,20170105,134536000,1483623936000000,1483623936000584,9.88,84,9.95,9.88,9.88,9.87,10.95,8.96,19056659,190904346.59,19099,9.93,9.83,59914,64224,9.89,8024,9.87,8295,9.9,3468,9.86,9037,9.91,9142,9.85,8912,9.92,3800,9.84,6372,9.93,7486,9.83,8778,9.94,3308,9.82,9307,9.95,7632,9.81,3824,9.96,3227,9.8,2074,9.97,4635,9.79,3000,9.98,9192,9.78,4625,0
000001,2017-01-05 13:46:04,20170105,134604000,1483623964000000,1483623964000364,9.85,84,9.95,9.85,9.87,9.85,10.95,8.96,19117582,191504592.95,19147,9.91,9.79,64139,47138,9.86,8072,9.84,2335,9.87,1964,9.83,2496,9.88,9171,9.82,5105,9.89,9380,9.81,5289,9.9,3741,9.8,1360,9.91,4253,9.79,7610,9.92,8413,9.78,3899,9.93,5615,9.77,7161,9.94,8966,9.76,7756,9.95,4564,9.75,4127,0
000001,2017-01-05 13:46:33,20170105,134633000,1483623993000000,1483623992999525,9.88,84,9.95,9.88,9.89,9.87,10.95,8.96,19130660,191633827.77,19210,9.95,9.83,49986,60289,9.89,1349,9.87,9273,9.9,7638,9.86,9913,9.91,2948,9.85,9948,9.92,4465,9.84,1559,9.93,2060,9.83,2937,9.94,2990,9.82,3849,9.95,3229,9.81,4432,9.96,7932,9.8,3844,9.97,9511,9.79,8950,9.98,7864,9.78,5584,0
000001,2017-01-05 13:47:02,20170105,134702000,1483624022000000,1483624021999110,9.89,84,9.95,9.89,9.89,9.88,10.95,8.96,19222179,192538668.53,19231,9.94,9.83,41476,49110,9.9,2016,9.88,1635,9.91,8165,9.87,4749,9.92,3080,9.86,2681,9.93,5260,9.85,7814,9.94,3742,9.84,5125,9.95,2102,9.83,7511,9.96,1523,9.82,3707,9.97,7200,9.81,9827,9.98,2543,9.8,4624,9.99,5845,9.79,1437,0
000001,2017-01-05 13:47:31,20170105,134731000,1483624051000000,1483624050999998,9.89,84,9.95,9.89,9.9,9.88,10.95,8.96,19256771,192880822.99,19275,9.95,9.84,46504,55539,9.9,5966,9.88,7224,9.91,1701,9.87,1315,9.92,8898,9.86,6190,9.93,3326,9.85,6027,9.94,2298,9.84,5846,9.95,2235,9.83,8917,9.96,5626,9.82,4216,9.97,3249,9.81,8724,9.98,7405,9.8,1681,9.99,5800,9.79,5399,0
000001,2017-01-05 13:48:00,20170105,134800000,1483624080000000,1483624079999136,9.91,84,9.95,9.91,9.93,9.89,10.95,8.96,19346493,193770070.55,19366,9.96,9.85,52127,53331,9.92,8832,9.9,8009,9.93,2905,9.89,6944,9.94,3734,9.88,3059,9.95,5846,9.87,2803,9.96,7994,9.86,1388,9.97,1468,9.85,2980,9.98,3340,9.84,5469,9.99,8321,9.83,9459,10.0,4152,9.82,9534,10.01,5535,9.81,3686,0
000001,2017-01-05 13:48:28,20170105,134828000,1483624108000000,1483624108000751,9.91,84,9.95,9.91,9.92,9.9,10.95,8.96,19444065,194737297.53,19395,9.96,9.86,62684,60998,9.92,8729,9.9,6101,9.93,9339,9.89,8318,9.94,2536,9.88,6630,9.95,9668,9.87,4035,9.96,3672,9.86,6124,9.97,7129,9.85,4879,9.98,3830,9.84,8125,9.99,8884,9.83,9418,10.0,4823,9.82,1959,10.01,4074,9.81,5409,0
000001,2017-01-05 13:48:57,20170105,134857000,1483624137000000,1483624137000577,9.95,84,9.95,9.95,9.97,9.94,10.95,8.96,19540149,195693646.5,19478,10.01,9.9,51377,59209,9.96,3208,9.94,2555,9.97,9438,9.93,8200,9.98,3003,9.92,5377,9.99,2025,9.91,7438,10.0,7023,9.9,6361,10.01,2325,9.89,6050,10.02,5321,9.88,3856,10.03,9557,9.87,6994,10.04,8436,9.86,5018,10.05,1041,9.85,7360,0
000001,2017-01-05 13:49:26,20170105,134926000,1483624166000000,1483624166000605,9.96,84,9.95,9.96,9.96,9.95,10.95,8.96,19627038,196558737.73,19489,10.02,9.9,50406,75529,9.97,3007,9.95,8571,9.98,7037,9.94,6184,9.99,5040,9.93,9515,10.0,2526,9.92,8393,10.01,7257,9.91,6182,10.02,1292,9.9,5039,10.03,2677,9.89,7350,10.04,7222,9.88,8483,10.05,7917,9.87,9538,10.06,6431,9.86,6274,0
000001,2017-01-05 13:49:55,20170105,134955000,1483624195000000,1483624194999295,9.96,84,9.95,9.96,9.98,9.96,10.95,8.96,19687241,197158631.53,19550,10.02,9.91,64714,61524,9.97,7096,9.95,1770,9.98,6660,9.94,8685,9.99,8606,9.93,4867,10.0,5984,9.92,9214,10.01,1175,9.91,4944,10.02,3088,9.9,6997,10.03,9558,9.89,9983,10.04,7942,9.88,9017,10.05,8154,9.87,2251,10.06,6451,9.86,3796,0
000001,2017-01-05 13:50:24,20170105,135024000,1483624224000000,1483624223999134,9.95,84,9.95,9.95,9.97,9.94,10.95,8.96,19770889,197991250.7,19603,10.0,9.9,56530,58354,9.96,1956,9.94,6751,9.97,7760,9.93,4985,9.98,9107,9.92,3681,9.99,8863,9.91,7725,10.0,6498,9.9,3720,10.01,7106,9.89,6520,10.02,2433,9.88,3932,10.03,7525,9.87,9729,10.04,3054,9.86,8046,10.05,2228,9.85,3265,0
000001,2017-01-05 13:50:52,20170105,135052000,1483624252000000,1483624251999442,9.97,84,9.95,9.97,9.98,9.97,10.95,8.96,19838253,198662926.69,19678,10.03,9.91,55577,66782,9.98,3111,9.96,6860,9.99,2235,9.95,5384,10.0,8088,9.94,2116,10.01,9698,9.93,5092,10.02,5230,9.92,9302,10.03,5003,9.91,7567,10.04,9505,9.9,3615,10.05,2880,9.89,8747,10.06,2679,9.88,9166,10.07,7148,9.87,8933,0
000001,2017-01-05 13:51:21,20170105,135121000,1483624281000000,1483624280999245,9.96,84,9.95,9.96,9.97,9.96,10.95,8.96,19934933,199626325.94,19776,10.02,9.91,55027,47884,9.97,8609,9.95,3501,9.98,2830,9.94,4900,9.99,8015,9.93,5892,10.0,7469,9.92,5362,10.01,1744,9.91,3827,10.02,2451,9.9,5018,10.03,9693,9.89,2958,10.04,7920,9.88,2922,10.05,3974,9.87,9993,10.06,2322,9.86,3511,0
000001,2017-01-05 13:51:50,20170105,135150000,1483624310000000,1483624309999052,9.92,84,9.95,9.92,9.93,9.9,10.95,8.96,19980294,200076507.02,19815,9.97,9.87,74081,64928,9.93,9707,9.91,9943,9.94,8375,9.9,7856,9.95,9801,9.89,5962,9.96,5484,9.88,1456,9.97,9917,9.87,3153,9.98,5626,9.86,4816,9.99,7515,9.85,7748,10.0,7133,9.84,9698,10.01,2015,9.83,8877,10.02,8508,9.82,5419,0
000001,2017-01-05 13:52:19,20170105,135219000,1483624339000000,1483624338999657,9.94,84,9.95,9.94,9.95,9.93,10.95,8.96,20017934,200450575.13,19851,10.0,9.88,53248,45363,9.95,1890,9.93,4067,9.96,2179,9.92,5737,9.97,4289,9.91,4312,9.98,3011,9.9,1991,9.99,6069,9.89,1631,10.0,9982,9.88,3538,10.01,2873,9.87,6561,10.02,4902,9.86,9343,10.03,8763,9.85,5741,10.04,9290,9.84,2442,0
000001,2017-01-05 13:52:48,20170105,135248000,1483624368000000,1483624368000588,9.95,84,9.95,9.95,9.95,9.95,10.95,8.96,20082675,201094771.94,19899,10.01,9.9,63595,73805,9.96,4922,9.94,9768,9.97,9222,9.93,8294,9.98,3837,9.92,6850,9.99,1786,9.91,8293,10.0,8291,9.9,4405,10.01,5773,9.89,2117,10.02,9039,9.88,6541,10.03,6823,9.87,8971,10.04,6787,9.86,9896,10.05,7115,9.85,8670,0
000001,2017-01-05 13:53:16,20170105,135316000,1483624396000000,1483624396000485,9.93,84,9.95,9.93,9.94,9.91,10.95,8.96,20169987,201961634.92,19919,9.99,9.87,49774,44062,9.94,4487,9.92,1376,9.95,3741,9.91,5592,9.96,8768,9.9,3865,9.97,1712,9.89,4775,9.98,1287,9.88,7654,9.99,4088,9.87,2120,10.0,3841,9.86,4833,10.01,7976,9.85,4599,10.02,5844,9.84,4445,10.03,8030,9.83,4803,0
000001,2017-01-05 13:53:45,20170105,135345000,1483624425000000,1483624425000162,9.9,84,9.95,9.9,9.9,9.89,10.95,8.96,20223170,202488269.58,19944,9.95,9.85,62839,74231,9.91,5747,9.89,6938,9.92,8122,9.88,7239,9.93,9941,9.87,9797,9.94,2792,9.86,5520,9.95,8409,9.85,4115,9.96,8303,9.84,9687,9.97,4255,9.83,9577,9.98,1256,9.82,8389,9.99,9400,9.81,6246,10.0,4614,9.8,6723,0
000001,2017-01-05 13:54:14,20170105,135414000,1483624454000000,1483624453999511,9.88,84,9.95,9.88,9.89,9.88,10.95,8.96,20251458,202767833.77,20022,9.94,9.82,54654,63496,9.89,7011,9.87,1130,9.9,7090,9.86,9027,9.91,3578,9.85,2710,9.92,1756,9.84,8098,9.93,8677,9.83,6590,9.94,7166,9.82,7918,9.95,1797,9.81,9891,9.96,9843,9.8,4397,9.97,1362,9.79,5227,9.98,6374,9.78,8508,0
000001,2017-01-05 13:54:43,20170105,135443000,1483624483000000,1483624482999760,9.87,84,9.95,9.87,9.87,9.87,10.95,8.96,20297529,203222673.37,20033,9.92,9.81,59468,46240,9.88,9766,9.86,1243,9.89,3421,9.85,7885,9.9,4014,9.84,1183,9.91,9897,9.83,6238,9.92,4681,9.82,3014,9.93,9800,9.81,8525,9.94,3574,9.8,2634,9.95,1122,9.79,6234,9.96,4943,9.78,1951,9.97,8250,9.77,7333,0
000001,2017-01-05 13:55:12,20170105,135512000,1483624512000000,1483624511999395,9.88,84,9.95,9.88,9.88,9.88,10.95,8.96,20377859,204016214.63,20059,9.94,9.83,50877,55080,9.89,3419,9.87,6394,9.9,4338,9.86,9288,9.91,4914,9.85,4740,9.92,5110,9.84,3619,9.93,2237,9.83,8214,9.94,9327,9.82,6689,9.95,7072,9.81,2431,9.96,4414,9.8,7187,9.97,7914,9.79,3654,9.98,2132,9.78,2864,0
000001,2017-01-05 13:55:40,20170105,135540000,1483624540000000,1483624540000122,9.89,84,9.95,9.89,9.89,9.88,10.95,8.96,20391454,204150632.59,20069,9.95,9.83,57420,54627,9.9,5734,9.88,3663,9.91,7130,9.87,8723,9.92,4643,9.86,7311,9.93,4327,9.85,2399,9.94,4418,9.84,5167,9.95,4893,9.83,2322,9.96,1995,9.82,7077,9.97,8364,9.81,1456,9.98,8041,9.8,9200,9.99,7875,9.79,7309,0
000001,2017-01-05 13:56:09,20170105,135609000,1483624569000000,1483624569000084,9.88,84,9.95,9.88,9.89,9.88,10.95,8.96,20484652,205071435.21,20113,9.94,9.82,64232,46711,9.89,3257,9.87,6709,9.9,8009,9.86,2314,9.91,8576,9.85,3091,9.92,3919,9.84,1871,9.93,3390,9.83,3621,9.94,1858,9.82,5937,9.95,9327,9.81,5981,9.96,9492,9.8,4321,9.97,9997,9.79,5370,9.98,6407,9.78,7496,0
000001,2017-01-05 13:56:38,20170105,135638000,1483624598000000,1483624597999770,9.86,84,9.95,9.86,9.87,9.86,10.95,8.96,20504408,205266283.51,20187,9.91,9.81,61604,48296,9.87,5661,9.85,8890,9.88,9813,9.84,1998,9.89,9885,9.83,4884,9.9,5618,9.82,2857,9.91,6964,9.81,6469,9.92,3027,9.8,2845,9.93,2767,9.79,8157,9.94,8367,9.78,2892,9.95,3263,9.77,2664,9.96,6239,9.76,6640,0
000001,2017-01-05 13:57:07,20170105,135707000,1483624627000000,1483624627000153,9.92,84,9.95,9.92,9.93,9.92,10.95,8.96,20529593,205516000.11,20220,9.97,9.86,60018,45772,9.93,8281,9.91,6072,9.94,1251,9.9,1847,9.95,2985,9.89,3766,9.96,6273,9.88,3460,9.97,6179,9.87,8436,9.98,6978,9.86,1764,9.99,9313,9.85,5227,10.0,9335,9.84,4882,10.01,7454,9.83,3496,10.02,1969,9.82,6822,0
000001,2017-01-05 13:57:36,20170105,135736000,1483624656000000,1483624655999771,9.94,84,9.95,9.94,9.95,9.92,10.95,8.96,20568108,205898677.3,20286,9.99,9.88,45705,63459,9.95,7245,9.93,8667,9.96,3798,9.92,6792,9.97,4399,9.91,4422,9.98,4375,9.9,6127,9.99,3803,9.89,8219,10.0,3480,9.88,2445,10.01,4901,9.87,7589,10.02,8063,9.86,6537,10.03,1722,9.85,6794,10.04,3919,9.84,5867,0
000001,2017-01-05 13:58:04,20170105,135804000,1483624684000000,1483624683999473,9.96,84,9.95,9.96,9.97,9.96,10.95,8.96,20631729,206532249.41,20363,10.01,9.91,55684,43913,9.97,6689,9.95,5558,9.98,1665,9.94,9121,9.99,8543,9.93,3280,10.0,6973,9.92,1114,10.01,6720,9.91,5571,10.02,3649,9.9,4788,10.03,7550,9.89,5861,10.04,5565,9.88,2598,10.05,4333,9.87,2320,10.06,3997,9.86,3702,0
000001,2017-01-05 13:58:33,20170105,135833000,1483624713000000,1483624713000786,9.93,84,9.95,9.93,9.94,9.92,10.95,8.96,20672161,206933619.9,20445,9.98,9.87,47587,61790,9.94,6615,9.92,5934,9.95,8858,9.91,6401,9.96,1230,9.9,4536,9.97,8919,9.89,9363,9.98,2226,9.88,8519,9.99,1691,9.87,1677,10.0,3401,9.86,9146,10.01,5668,9.85,2441,10.02,4305,9.84,8347,10.03,4674,9.83,5426,0
000001,2017-01-05 13:59:02,20170105,135902000,1483624742000000,1483624741999679,9.91,84,9.95,9.91,9.92,9.9,10.95,8.96,20684834,207059215.91,20474,9.97,9.86,49436,50546,9.92,2637,9.9,8559,9.93,4699,9.89,3655,9.94,2793,9.88,7776,9.95,1247,9.87,5779,9.96,9251,9.86,4591,9.97,1583,9.85,4090,9.98,9716,9.84,2640,9.99,9592,9.83,5485,10.0,5698,9.82,2675,10.01,2220,9.81,5296,0
000001,2017-01-05 13:59:31,20170105,135931000,1483624771000000,1483624770999107,9.9,84,9.95,9.9,9.91,9.9,10.95,8.96,20703373,207242788.47,20551,9.96,9.86,63960,51598,9.91,5491,9.89,8828,9.92,5891,9.88,7172,9.93,8806,9.87,9989,9.94,5257,9.86,1842,9.95,5659,9.85,2585,9.96,7313,9.84,7435,9.97,7954,9.83,4986,9.98,5110,9.82,1592,9.99,4298,9.81,3885,10.0,8181,9.8,3284,0
000001,2017-01-05 14:00:00,20170105,140000000,1483624800000000,1483624799999902,9.91,84,9.95,9.91,9.92,9.9,10.95,8.96,20727400,207480963.62,20638,9.96,9.85,57524,44835,9.92,3282,9.9,2440,9.93,9970,9.89,3571,9.94,2884,9.88,7474,9.95,7850,9.87,1492,9.96,9304,9.86,5434,9.97,7482,9.85,1656,9.98,5216,9.84,2837,9.99,6524,9.83,8576,10.0,3795,9.82,6540,10.01,1217,9.81,4815,0
000001,2017-01-05 14:00:28,20170105,140028000,1483624828000000,1483624828000529,9.95,84,9.95,9.95,9.97,9.95,10.95,8.96,20742789,207634133.47,20663,10.01,9.9,75880,63505,9.96,4918,9.94,8798,9.97,9805,9.93,5367,9.98,9509,9.92,8864,9.99,9491,9.91,6777,10.0,5882,9.9,1998,10.01,7799,9.89,8607,10.02,9021,9.88,7916,10.03,7833,9.87,3981,10.04,4785,9.86,3708,10.05,6837,9.85,7489,0
000001,2017-01-05 14:00:57,20170105,140057000,1483624857000000,1483624857000477,9.93,84,9.95,9.93,9.94,9.91,10.95,8.96,20828655,208486580.56,20759,9.98,9.88,47091,54616,9.94,2023,9.92,9468,9.95,9857,9.91,5105,9.96,4660,9.9,3642,9.97,3625,9.89,3078,9.98,2012,9.88,7934,9.99,2873,9.87,1952,10.0,7565,9.86,9077,10.01,9892,9.85,5909,10.02,2815,9.84,4914,10.03,1769,9.83,3537,0
000001,2017-01-05 14:01:26,20170105,140126000,1483624886000000,1483624886000613,9.93,84,9.95,9.93,9.95,9.93,10.95,8.96,20900745,209202562.82,20854,9.99,9.88,50203,55347,9.94,1694,9.92,3392,9.95,8348,9.91,7916,9.96,6309,9.9,4304,9.97,2036,9.89,7382,9.98,9222,9.88,7993,9.99,4980,9.87,6628,10.0,5427,9.86,2280,10.01,3668,9.85,5479,10.02,3496,9.84,1771,10.03,5023,9.83,8202,0
000001,2017-01-05 14:01:55,20170105,140155000,1483624915000000,1483624915000378,9.93,84,9.95,9.93,9.94,9.93,10.95,8.96,20912354,209317894.72,20903,9.99,9.88,58166,51349,9.94,2475,9.92,9975,9.95,8575,9.91,6140,9.96,5061,9.9,4687,9.97,7142,9.89,5307,9.98,5060,9.88,2230,9.99,6169,9.87,2778,10.0,7298,9.86,2100,10.01,3055,9.85,7285,10.02,4238,9.84,9340,10.03,9093,9.83,1507,0
000001,2017-01-05 14:02:24,20170105,140224000,1483624944000000,1483624944000045,9.96,84,9.95,9.96,9.96,9.95,10.95,8.96,20933017,209523599.32,20926,10.01,9.9,52167,58510,9.97,2537,9.95,7470,9.98,6938,9.94,3159,9.99,2770,9.93,9610,10.0,3827,9.92,2330,10.01,9296,9.91,4008,10.02,6360,9.9,9390,10.03,7645,9.89,3752,10.04,5334,9.88,8624,10.05,1442,9.87,6971,10.06,6018,9.86,3196,0
000001,2017-01-05 14:02:52,20170105,140252000,1483624972000000,1483624971999615,9.96,84,9.95,9.96,9.97,9.95,10.95,8.96,20978477,209976590.43,20975,10.03,9.91,53542,59890,9.97,4158,9.95,9480,9.98,1360,9.94,7756,9.99,2623,9.93,5092,10.0,6815,9.92,7108,10.01,6965,9.91,3358,10.02,3644,9.9,3036,10.03,5487,9.89,5743,10.04,9921,9.88,8464,10.05,9352,9.87,7129,10.06,3217,9.86,2724,0
000001,2017-01-05 14:03:21,20170105,140321000,1483625001000000,1483625001000359,9.97,84,9.95,9.97,9.97,9.96,10.95,8.96,21034796,210538200.39,21064,10.03,9.92,50864,41016,9.98,1352,9.96,3472,9.99,6802,9.95,7153,10.0,7724,9.94,4599,10.01,4336,9.93,1463,10.02,7185,9.92,3598,10.03,5410,9.91,3951,10.04,1907,9.9,1657,10.05,9997,9.89,3132,10.06,5017,9.88,3618,10.07,1134,9.87,8373,0
000001,2017-01-05 14:03:50,20170105,140350000,1483625030000000,1483625029999035,9.97,84,9.95,9.97,9.97,9.96,10.95,8.96,21087201,211060473.38,21133,10.02,9.92,69266,58942,9.98,3993,9.96,9391,9.99,8667,9.95,9734,10.0,8832,9.94,6152,10.01,5134,9.93,7403,10.02,9751,9.92,4565,10.03,4217,9.91,1760,10.04,7095,9.9,2928,10.05,9883,9.89,3330,10.06,5353,9.88,7003,10.07,6341,9.87,6676,0
000001,2017-01-05 14:04:19,20170105,140419000,1483625059000000,1483625059000920,9.99,84,9.95,9.99,9.99,9.97,10.95,8.96,21171268,211900175.18,21174,10.05,9.93,61787,53602,10.0,4797,9.98,6032,10.01,3443,9.97,1684,10.02,6720,9.96,3091,10.03,8033,9.95,9744,10.04,3546,9.94,4697,10.05,5680,9.93,4926,10.06,7438,9.92,6857,10.07,9139,9.91,1388,10.08,3069,9.9,5212,10.09,9922,9.89,9971,0
000001,2017-01-05 14:04:48,20170105,140448000,1483625088000000,1483625087999439,10.01,84,9.95,10.01,10.02,10.01,10.95,8.96,21230200,212490136.0,21228,10.07,9.96,52056,42576,10.02,5235,10.0,2306,10.03,8024,9.99,4551,10.04,2908,9.98,4475,10.05,1399,9.97,3710,10.06,7823,9.96,4953,10.07,7666,9.95,8835,10.08,5381,9.94,4036,10.09,1613,9.93,3232,10.1,6737,9.92,4914,10.11,5270,9.91,1564,0
000001,2017-01-05 14:05:16,20170105,140516000,1483625116000000,1483625115999697,10.03,84,9.95,10.03,10.04,10.02,10.95,8.96,21240938,212597890.33,21254,10.08,9.99,44644,65306,10.04,6710,10.02,9738,10.05,3550,10.01,8360,10.06,6806,10.0,4206,10.07,7391,9.99,5447,10.08,7289,9.98,8730,10.09,1622,9.97,9083,10.1,1011,9.96,3712,10.11,1909,9.95,8699,10.12,1899,9.94,3555,10.13,6457,9.93,3776,0
000001,2017-01-05 14:05:45,20170105,140545000,1483625145000000,1483625145000355,10.02,84,9.95,10.02,10.03,10.01,10.95,8.96,21278497,212974142.39,21301,10.08,9.97,53278,53459,10.03,5624,10.01,8026,10.04,1821,10.0,3509,10.05,7590,9.99,3732,10.06,1447,9.98,6843,10.07,3374,9.97,6488,10.08,9931,9.96,6501,10.09,4016,9.95,8382,10.1,2902,9.94,2543,10.11,9342,9.93,3700,10.12,7231,9.92,3735,0
000001,2017-01-05 14:06:14,20170105,140614000,1483625174000000,1483625174000199,10.01,84,9.95,10.01,10.02,10.01,10.95,8.96,21328715,213477043.72,21343,10.07,9.95,58709,59476,10.02,4344,10.0,5281,10.03,3418,9.99,4844,10.04,9221,9.98,2654,10.05,7002,9.97,8711,10.06,9645,9.96,5587,10.07,5426,9.95,4190,10.08,3316,9.94,5702,10.09,7989,9.93,8350,10.1,1865,9.92,5655,10.11,6483,9.91,8502,0
000001,2017-01-05 14:06:43,20170105,140643000,1483625203000000,1483625202999851,10.0,84,9.95,10.0,10.01,9.99,10.95,8.96,21349113,213681111.86,21353,10.06,9.94,52243,48291,10.01,6793,9.99,5220,10.02,6740,9.98,3354,10.03,1177,9.97,4350,10.04,2259,9.96,2116,10.05,7125,9.95,4460,10.06,4577,9.94,2619,10.07,5289,9.93,8037,10.08,8181,9.92,5522,10.09,8585,9.91,5688,10.1,1517,9.9,6925,0
000001,2017-01-05 14:07:12,20170105,140712000,1483625232000000,1483625232000186,9.98,84,9.95,9.98,9.99,9.97,10.95,8.96,21381532,214004533.72,21363,10.04,9.92,76612,58487,9.99,6097,9.97,5946,10.0,4407,9.96,8722,10.01,7840,9.95,3930,10.02,9567,9.94,1886,10.03,7293,9.93,8152,10.04,6173,9.92,6431,10.05,7222,9.91,1952,10.06,9783,9.9,4077,10.07,9240,9.89,8222,10.08,8990,9.88,9169,0
000001,2017-01-05 14:07:40,20170105,140740000,1483625260000000,1483625259999642,9.98,84,9.95,9.98,9.98,9.98,10.95,8.96,21455510,214742928.6,21449,10.03,9.93,46791,55478,9.99,4850,9.97,8730,10.0,5484,9.96,8624,10.01,9361,9.95,7725,10.02,1935,9.94,3927,10.03,4877,9.93,5070,10.04,3287,9.92,7462,10.05,5442,9.91,1166,10.06,4701,9.9,1141,10.07,2757,9.89,5330,10.08,4097,9.88,6303,0
000001,2017-01-05 14:08:09,20170105,140809000,1483625289000000,1483625289000165,9.99,84,9.95,9.99,9.99,9.98,10.95,8.96,21507385,215261154.46,21532,10.05,9.94,51850,59945,10.0,4357,9.98,9074,10.01,3621,9.97,1298,10.02,1340,9.96,5349,10.03,9175,9.95,7168,10.04,2698,9.94,9977,10.05,8230,9.93,8710,10.06,7657,9.92,6053,10.07,3942,9.91,5723,10.08,8781,9.9,3645,10.09,2049,9.89,2948,0
000001,2017-01-05 14:08:38,20170105,140838000,1483625318000000,1483625318000360,10.0,84,9.95,10.0,10.01,9.99,10.95,8.96,21559136,215778440.17,21610,10.05,9.94,49865,62548,10.01,8540,9.99,9235,10.02,1037,9.98,7989,10.03,2066,9.97,3463,10.04,2504,9.96,5198,10.05,8006,9.95,7688,10.06,7524,9.94,2049,10.07,6738,9.93,6743,10.08,3413,9.92,9483,10.09,4848,9.91,6082,10.1,5189,9.9,4618,0
000001,2017-01-05 14:09:07,20170105,140907000,1483625347000000,1483625347000264,9.99,84,9.95,9.99,10.0,9.99,10.95,8.96,21587875,216065562.63,21691,10.04,9.95,63294,43590,10.0,6717,9.98,8116,10.01,4622,9.97,1354,10.02,7185,9.96,9803,10.03,8451,9.95,5322,10.04,7767,9.94,6094,10.05,6840,9.93,3033,10.06,5962,9.92,5625,10.07,5096,9.91,1548,10.08,8215,9.9,1147,10.09,2439,9.89,1548,0
000001,2017-01-05 14:09:36,20170105,140936000,1483625376000000,1483625375999394,10.0,84,9.95,10.0,10.0,9.99,10.95,8.96,21665174,216838239.43,21724,10.05,9.95,63753,40845,10.01,8034,9.99,7018,10.02,9433,9.98,3788,10.03,9295,9.97,7242,10.04,6542,9.96,2209,10.05,2260,9.95,2306,10.06,3995,9.94,7575,10.07,6329,9.93,1456,10.08,3853,9.92,3414,10.09,7387,9.91,1409,10.1,6625,9.9,4428,0
000001,2017-01-05 14:10:04,20170105,141004000,1483625404000000,1483625403999832,9.97,84,9.95,9.97,9.98,9.97,10.95,8.96,21751641,217700288.36,21766,10.02,9.91,56758,49510,9.98,7885,9.96,1857,9.99,1661,9.95,2570,10.0,5288,9.94,9437,10.01,7979,9.93,4385,10.02,6185,9.92,1726,10.03,1780,9.91,1898,10.04,9077,9.9,6003,10.05,8323,9.89,9701,10.06,3130,9.88,6009,10.07,5450,9.87,5924,0
000001,2017-01-05 14:10:33,20170105,141033000,1483625433000000,1483625432999500,9.97,84,9.95,9.97,9.97,9.96,10.95,8.96,21845539,218636708.3,21827,10.03,9.91,45783,45421,9.98,4415,9.96,3255,9.99,4983,9.95,3020,10.0,1366,9.94,6396,10.01,1383,9.93,3062,10.02,9186,9.92,3183,10.03,2859,9.91,9880,10.04,7853,9.9,2175,10.05,8378,9.89,4383,10.06,2907,9.88,2246,10.07,2453,9.87,7821,0
000001,2017-01-05 14:11:02,20170105,141102000,1483625462000000,1483625462000803,9.96,84,9.95,9.96,9.97,9.95,10.95,8.96,21893672,219116065.17,21893,10.02,9.9,36214,38637,9.97,3614,9.95,1153,9.98,1563,9.94,2765,9.99,1866,9.93,5335,10.0,6699,9.92,3068,10.01,3908,9.91,3069,10.02,1052,9.9,2782,10.03,2184,9.89,3250,10.04,9576,9.88,5941,10.05,1048,9.87,3707,10.06,4704,9.86,7567,0
000001,2017-01-05 14:11:31,20170105,141131000,1483625491000000,1483625490999051,9.94,84,9.95,9.94,9.94,9.92,10.95,8.96,21988715,220060338.28,21970,9.99,9.88,54253,56196,9.95,7989,9.93,3562,9.96,8884,9.92,8550,9.97,5379,9.91,5169,9.98,3919,9.9,5339,9.99,4942,9.89,6142,10.0,1936,9.88,1321,10.01,3126,9.87,3151,10.02,8980,9.86,5046,10.03,6845,9.85,8875,10.04,2253,9.84,9041,0
000001,2017-01-05 14:12:00,20170105,141200000,1483625520000000,1483625520000129,9.93,84,9.95,9.93,9.94,9.93,10.95,8.96,22067758,220845583.81,22011,10.0,9.88,58489,43103,9.94,2580,9.92,4751,9.95,5347,9.91,6064,9.96,3075,9.9,6036,9.97,5648,9.89,5768,9.98,6396,9.88,1280,9.99,4370,9.87,2487,10.0,8868,9.86,1435,10.01,7559,9.85,4551,10.02,7636,9.84,5357,10.03,7010,9.83,5374,0
000001,2017-01-05 14:12:28,20170105,141228000,1483625548000000,1483625547999985,9.95,84,9.95,9.95,9.95,9.94,10.95,8.96,22132144,221486061.11,22088,10.0,9.9,61078,55904,9.96,8747,9.94,7195,9.97,5413,9.93,8136,9.98,8346,9.92,2996,9.99,1409,9.91,7261,10.0,8719,9.9,3526,10.01,5903,9.89,5508,10.02,4934,9.88,8951,10.03,8319,9.87,6454,10.04,3075,9.86,1546,10.05,6213,9.85,4331,0
000001,2017-01-05 14:12:57,20170105,141257000,1483625577000000,1483625576999185,9.95,84,9.95,9.95,9.95,9.95,10.95,8.96,22181469,221976762.67,22177,10.0,9.89,38189,70321,9.96,4879,9.94,8312,9.97,3233,9.93,2088,9.98,5984,9.92,8951,9.99,3139,9.91,6667,10.0,1928,9.9,3863,10.01,1563,9.89,9351,10.02,1364,9.88,9831,10.03,5030,9.87,7039,10.04,7039,9.86,5037,10.05,4030,9.85,9182,0
000001,2017-01-05 14:13:26,20170105,141326000,1483625606000000,1483625606000340,9.99,84,9.95,9.99,10.0,9.99,10.95,8.96,22217586,222337646.58,22240,10.05,9.93,51306,43082,10.0,5319,9.98,1352,10.01,2668,9.97,1440,10.02,1119,9.96,4898,10.03,6704,9.95,3700,10.04,9245,9.94,4874,10.05,5648,9.93,7515,10.06,2532,9.92,5197,10.07,5408,9.91,5589,10.08,8803,9.9,3692,10.09,3860,9.89,4825,0
000001,2017-01-05 14:13:55,20170105,141355000,1483625635000000,1483625635000502,10.02,84,9.95,10.02,10.02,10.01,10.95,8.96,22270847,222871281.67,22328,10.07,9.96,48163,64862,10.03,4672,10.01,9683,10.04,2172,10.0,1171,10.05,8940,9.99,3906,10.06,6657,9.98,5315,10.07,7254,9.97,4391,10.08,4223,9.96,9198,10.09,1363,9.95,8158,10.1,5560,9.94,6767,10.11,4213,9.93,6281,10.12,3109,9.92,9992,0
000001,2017-01-05 14:14:24,20170105,141424000,1483625664000000,1483625664000947,10.0,84,9.95,10.0,10.01,9.99,10.95,8.96,22294959,223112459.3,22391,10.06,9.95,46939,57593,10.01,1161,9.99,8554,10.02,6430,9.98,6085,10.03,5226,9.97,4798,10.04,1056,9.96,4187,10.05,6069,9.95,3251,10.06,9413,9.94,7892,10.07,4228,9.93,8145,10.08,4199,9.92,5233,10.09,2256,9.91,4404,10.1,6901,9.9,5044,0
000001,2017-01-05 14:14:52,20170105,141452000,1483625692000000,1483625692000485,10.01,84,9.95,10.01,10.03,10.0,10.95,8.96,22358897,223752201.17,22426,10.06,9.96,60052,47883,10.02,6924,10.0,7511,10.03,8656,9.99,3589,10.04,9745,9.98,2713,10.05,7368,9.97,9867,10.06,1530,9.96,2371,10.07,2132,9.95,5403,10.08,3638,9.94,4159,10.09,6302,9.93,5462,10.1,6543,9.92,5766,10.11,7214,9.91,1042,0
000001,2017-01-05 14:15:21,20170105,141521000,1483625721000000,1483625720999362,9.99,84,9.95,9.99,10.0,9.98,10.95,8.96,22437127,224534082.58,22500,10.05,9.93,61204,53155,10.0,8982,9.98,4078,10.01,3034,9.97,3878,10.02,3925,9.96,2051,10.03,8894,9.95,5816,10.04,8400,9.94,6068,10.05,5805,9.93,8997,10.06,4505,9.92,4143,10.07,8819,9.91,8024,10.08,3992,9.9,2048,10.09,4848,9.89,8052,0
000001,2017-01-05 14:15:50,20170105,141550000,1483625750000000,1483625749999679,9.98,84,9.95,9.98,9.99,9.97,10.95,8.96,22458600,224748458.05,22516,10.04,9.93,57128,67749,9.99,2937,9.97,6926,10.0,8440,9.96,5079,10.01,4419,9.95,4320,10.02,9136,9.94,6352,10.03,7406,9.93,9811,10.04,1448,9.92,9901,10.05,3462,9.91,7529,10.06,3456,9.9,8567,10.07,9887,9.89,5262,10.08,6537,9.88,4002,0
000001,2017-01-05 14:16:19,20170105,141619000,1483625779000000,1483625779000160,9.96,84,9.95,9.96,9.97,9.95,10.95,8.96,22501872,225179615.93,22589,10.02,9.91,52291,44026,9.97,1275,9.95,4980,9.98,3613,9.94,7980,9.99,6741,9.93,8358,10.0,7551,9.92,1365,10.01,2712,9.91,4307,10.02,9287,9.9,2878,10.03,4679,9.89,1979,10.04,7563,9.88,2062,10.05,6418,9.87,1218,10.06,2452,9.86,8899,0
000001,2017-01-05 14:16:48,20170105,141648000,1483625808000000,1483625807999446,9.94,84,9.95,9.94,9.95,9.93,10.95,8.96,22518692,225346813.84,22649,9.99,9.88,50671,50842,9.95,7764,9.93,1925,9.96,7791,9.92,3744,9.97,3951,9.91,2711,9.98,7810,9.9,1385,9.99,2010,9.89,9842,10.0,2180,9.88,6755,10.01,1719,9.87,4707,10.02,3467,9.86,2047,10.03,9373,9.85,9860,10.04,4606,9.84,7866,0
000001,2017-01-05 14:17:16,20170105,141716000,1483625836000000,1483625836000214,9.93,84,9.95,9.93,9.94,9.93,10.95,8.96,22603019,226184573.68,22701,9.99,9.88,55196,61217,9.94,8397,9.92,8894,9.95,3023,9.91,1388,9.96,3043,9.9,1173,9.97,9465,9.89,9937,9.98,6859,9.88,6245,9.99,5237,9.87,7078,10.0,5634,9.86,9693,10.01,3339,9.85,4869,10.02,2990,9.84,7134,10.03,7209,9.83,4806,0
000001,2017-01-05 14:17:45,20170105,141745000,1483625865000000,1483625864999592,9.91,84,9.95,9.91,9.91,9.91,10.95,8.96,22644414,226594901.18,22760,9.97,9.85,44125,65302,9.92,2485,9.9,3945,9.93,3578,9.89,7311,9.94,7671,9.88,4557,9.95,6611,9.87,9291,9.96,3413,9.86,4936,9.97,6706,9.85,9309,9.98,3248,9.84,3273,9.99,1346,9.83,6867,10.0,6100,9.82,6925,10.01,2967,9.81,8888,0
000001,2017-01-05 14:18:14,20170105,141814000,1483625894000000,1483625894000407,9.92,84,9.95,9.92,9.92,9.91,10.95,8.96,22733591,227479447.52,22837,9.98,9.86,43058,53996,9.93,2207,9.91,6617,9.94,2547,9.9,1999,9.95,3115,9.89,4313,9.96,8589,9.88,3209,9.97,3450,9.87,2981,9.98,8905,9.86,5108,9.99,3422,9.85,7018,10.0,4570,9.84,7655,10.01,2752,9.83,7736,10.02,3501,9.82,7360,0
000001,2017-01-05 14:18:43,20170105,141843000,1483625923000000,1483625922999423,9.91,84,9.95,9.91,9.91,9.91,10.95,8.96,22769542,227835555.33,22899,9.96,9.85,46946,61098,9.92,9748,9.9,6154,9.93,1454,9.89,8964,9.94,7256,9.88,4025,9.95,3691,9.87,4464,9.96,3104,9.86,8899,9.97,1334,9.85,4902,9.98,4652,9.84,7644,9.99,4236,9.83,7424,10.0,8204,9.82,3680,10.01,3267,9.81,4942,0
000001,2017-01-05 14:19:12,20170105,141912000,1483625952000000,1483625951999277,9.93,84,9.95,9.93,9.93,9.91,10.95,8.96,22787620,228015036.07,22927,9.98,9.87,57536,43429,9.94,4823,9.92,1713,9.95,1862,9.91,6815,9.96,9916,9.9,7796,9.97,6876,9.89,4788,9.98,9126,9.88,3144,9.99,4475,9.87,2859,10.0,4141,9.86,1066,10.01,4995,9.85,3524,10.02,9847,9.84,2901,10.03,1475,9.83,8823,0
000001,2017-01-05 14:19:40,20170105,141940000,1483625980000000,1483625980000818,9.95,84,9.95,9.95,9.95,9.94,10.95,8.96,22823911,228375967.35,22958,10.0,9.89,44172,52927,9.96,9739,9.94,4916,9.97,3825,9.93,3729,9.98,2568,9.92,6779,9.99,2761,9.91,6424,10.0,6789,9.9,4723,10.01,2115,9.89,8507,10.02,2454,9.88,1760,10.03,3033,9.87,3630,10.04,2014,9.86,5865,10.05,8874,9.85,6594,0
000001,2017-01-05 14:20:09,20170105,142009000,1483626009000000,1483626008999201,9.97,84,9.95,9.97,9.98,9.95,10.95,8.96,22876886,228904208.87,23028,10.02,9.91,37028,57964,9.98,4100,9.96,6643,9.99,3653,9.95,3276,10.0,6108,9.94,1122,10.01,3355,9.93,7170,10.02,3526,9.92,5269,10.03,1166,9.91,9415,10.04,4917,9.9,8555,10.05,2824,9.89,1619,10.06,6128,9.88,5075,10.07,1251,9.87,9820,0
000001,2017-01-05 14:20:38,20170105,142038000,1483626038000000,1483626038000236,9.99,84,9.95,9.99,9.99,9.97,10.95,8.96,22941422,229548890.92,23114,10.04,9.94,56064,48340,10.0,6187,9.98,9027,10.01,9644,9.97,5408,10.02,7178,9.96,3826,10.03,3236,9.95,4100,10.04,7815,9.94,7816,10.05,6904,9.93,1435,10.06,4087,9.92,2176,10.07,2829,9.91,2834,10.08,2515,9.9,5433,10.09,5669,9.89,6285,0
000001,2017-01-05 14:21:07,20170105,142107000,1483626067000000,1483626067000915,9.95,84,9.95,9.95,9.97,9.95,10.95,8.96,22977179,229904819.6,23131,10.01,9.89,43210,69490,9.96,4843,9.94,5019,9.97,2778,9.93,5062,9.98,2575,9.92,5077,9.99,2888,9.91,9502,10.0,3665,9.9,3361,10.01,6506,9.89,8861,10.02,6505,9.88,5484,10.03,2286,9.87,9506,10.04,3692,9.86,7879,10.05,7472,9.85,9739,0
000001,2017-01-05 14:21:36,20170105,142136000,1483626096000000,1483626095999258,9.94,84,9.95,9.94,9.95,9.93,10.95,8.96,23075541,230882190.47,23191,9.99,9.89,56689,41662,9.95,7772,9.93,8463,9.96,6407,9.92,6496,9.97,7030,9.91,1100,9.98,5217,9.9,1365,9.99,3150,9.89,4265,10.0,5945,9.88,3410,10.01,4003,9.87,6214,10.02,1685,9.86,6320,10.03,8569,9.85,2255,10.04,6911,9.84,1774,0
000001,2017-01-05 14:22:04,20170105,142204000,1483626124000000,1483626123999236,9.96,84,9.95,9.96,9.98,9.95,10.95,8.96,23116208,231287126.88,23242,10.01,9.9,50064,51364,9.97,7684,9.95,1161,9.98,2676,9.94,2498,9.99,6716,9.93,9526,10.0,5250,9.92,1698,10.01,1508,9.91,4910,10.02,5253,9.9,8757,10.03,2083,9.89,8845,10.04,7898,9.88,3866,10.05,9585,9.87,5845,10.06,1411,9.86,4258,0
000001,2017-01-05 14:22:33,20170105,142233000,1483626153000000,1483626153000158,9.97,84,9.95,9.97,9.97,9.95,10.95,8.96,23134436,231468789.67,23299,10.02,9.92,59775,47002,9.98,7964,9.96,1898,9.99,5431,9.95,9661,10.0,6906,9.94,2559,10.01,2060,9.93,6105,10.02,5880,9.92,8444,10.03,5989,9.91,6062,10.04,1645,9.9,3344,10.05,6060,9.89,1274,10.06,9795,9.88,5919,10.07,8045,9.87,1736,0
000001,2017-01-05 14:23:02,20170105,142302000,1483626182000000,1483626182000969,9.99,84,9.95,9.99,10.0,9.98,10.95,8.96,23207307,232196748.98,23354,10.05,9.94,51710,52383,10.0,2959,9.98,5100,10.01,7257,9.97,8841,10.02,4260,9.96,1093,10.03,5650,9.95,9899,10.04,1653,9.94,2431,10.05,8884,9.93,3712,10.06,1152,9.92,3991,10.07,7303,9.91,9364,10.08,2890,9.9,6227,10.09,9702,9.89,1725,0
000001,2017-01-05 14:23:31,20170105,142331000,1483626211000000,1483626211000378,10.0,84,9.95,10.0,10.01,9.98,10.95,8.96,23218750,232311162.06,23411,10.06,9.94,45560,52636,10.01,3869,9.99,2414,10.02,1340,9.98,2682,10.03,4500,9.97,5543,10.04,3731,9.96,2831,10.05,5239,9.95,6939,10.06,3209,9.94,4341,10.07,2745,9.93,5735,10.08,5360,9.92,9454,10.09,8045,9.91,6034,10.1,7522,9.9,6663,0
000001,2017-01-05 14:24:00,20170105,142400000,1483626240000000,1483626239999601,10.0,84,9.95,10.0,10.01,9.99,10.95,8.96,23275493,232878474.4,23482,10.06,9.94,45351,57071,10.01,3265,9.99,7768,10.02,1659,9.98,5318,10.03,2412,9.97,1003,10.04,3752,9.96,8658,10.05,7948,9.95,6108,10.06,2362,9.94,3667,10.07,5242,9.93,5549,10.08,6502,9.92,2109,10.09,3945,9.91,7017,10.1,8264,9.9,9874,0
000001,2017-01-05 14:24:28,20170105,142428000,1483626268000000,1483626268000554,9.99,84,9.95,9.99,10.01,9.98,10.95,8.96,23339750,233520412.06,23569,10.04,9.94,63626,52861,10.0,9517,9.98,5175,10.01,9515,9.97,5842,10.02,7580,9.96,8017,10.03,1271,9.95,6356,10.04,7825,9.94,4003,10.05,4299,9.93,1802,10.06,6630,9.92,3851,10.07,1133,9.91,2786,10.08,6378,9.9,7688,10.09,9478,9.89,7341,0
000001,2017-01-05 14:24:57,20170105,142457000,1483626297000000,1483626296999784,10.01,84,9.95,10.01,10.01,10.0,10.95,8.96,23362381,233746924.67,23610,10.06,9.95,56863,62978,10.02,8069,10.0,6272,10.03,2415,9.99,1061,10.04,9394,9.98,6640,10.05,5217,9.97,8601,10.06,8417,9.96,8336,10.07,1249,9.95,9306,10.08,9298,9.94,1974,10.09,1637,9.93,6963,10.1,2207,9.92,4145,10.11,8960,9.91,9680,0
000001,2017-01-05 14:25:26,20170105,142526000,1483626326000000,1483626326000562,9.98,84,9.95,9.98,9.98,9.97,10.95,8.96,23439562,234517252.68,23655,10.03,9.93,46932,45372,9.99,6350,9.97,7922,10.0,8931,9.96,1886,10.01,1299,9.95,3214,10.02,5057,9.94,3031,10.03,8567,9.93,6319,10.04,3280,9.92,3477,10.05,6195,9.91,7231,10.06,3602,9.9,2065,10.07,1614,9.89,6334,10.08,2037,9.88,3893,0
000001,2017-01-05 14:25:55,20170105,142555000,1483626355000000,1483626354999678,9.99,84,9.95,9.99,9.99,9.97,10.95,8.96,23506232,235182965.78,23673,10.04,9.92,72756,49599,10.0,7907,9.98,1052,10.01,4278,9.97,1248,10.02,4301,9.96,6125,10.03,9327,9.95,8039,10.04,8660,9.94,5287,10.05,9247,9.93,3526,10.06,7643,9.92,2740,10.07,4302,9.91,7419,10.08,8733,9.9,4588,10.09,8358,9.89,9575,0
000001,2017-01-05 14:26:24,20170105,142624000,1483626384000000,1483626383999252,9.97,84,9.95,9.97,9.99,9.96,10.95,8.96,23526783,235387900.87,23734,10.02,9.92,55954,67720,9.98,7251,9.96,9130,9.99,5625,9.95,9997,10.0,5304,9.94,9665,10.01,4833,9.93,8151,10.02,8121,9.92,1215,10.03,9291,9.91,8385,10.04,1959,9.9,2281,10.05,2292,9.89,4734,10.06,4001,9.88,7395,10.07,7277,9.87,6767,0
000001,2017-01-05 14:26:52,20170105,142652000,1483626412000000,1483626411999264,9.97,84,9.95,9.97,9.98,9.96,10.95,8.96,23540535,235524991.71,23828,10.02,9.92,58654,56248,9.98,6094,9.96,9044,9.99,8839,9.95,1960,10.0,2587,9.94,9572,10.01,7152,9.93,2943,10.02,4544,9.92,8961,10.03,7383,9.91,2442,10.04,5844,9.9,6486,10.05,2072,9.89,3159,10.06,8928,9.88,9565,10.07,5211,9.87,2116,0
000001,2017-01-05 14:27:21,20170105,142721000,1483626441000000,1483626441000568,9.98,84,9.95,9.98,9.98,9.97,10.95,8.96,23603465,236152830.09,23881,10.03,9.92,47254,65349,9.99,1107,9.97,4828,10.0,8435,9.96,3246,10.01,4273,9.95,7597,10.02,4929,9.94,8006,10.03,5983,9.93,4701,10.04,4265,9.92,9912,10.05,2229,9.91,9469,10.06,7708,9.9,8902,10.07,6808,9.89,7563,10.08,1517,9.88,1125,0
000001,2017-01-05 14:27:50,20170105,142750000,1483626470000000,1483626470000794,9.98,84,9.95,9.98,9.98,9.97,10.95,8.96,23668993,236806620.98,23973,10.03,9.93,54705,60282,9.99,5410,9.97,4052,10.0,8673,9.96,9298,10.01,2871,9.95,9932,10.02,7802,9.94,2622,10.03,9880,9.93,6649,10.04,1978,9.92,7375,10.05,4613,9.91,6448,10.06,3096,9.9,4546,10.07,5924,9.89,8096,10.08,4458,9.88,1264,0
000001,2017-01-05 14:28:19,20170105,142819000,1483626499000000,1483626499000497,9.96,84,9.95,9.96,9.97,9.96,10.95,8.96,23679235,236908640.9,23999,10.01,9.91,67751,41814,9.97,6580,9.95,4554,9.98,9527,9.94,4665,9.99,6210,9.93,1724,10.0,9988,9.92,6588,10.01,7272,9.91,9006,10.02,4823,9.9,2313,10.03,4007,9.89,1368,10.04,3177,9.88,3287,10.05,9197,9.87,3875,10.06,6970,9.86,4434,0
000001,2017-01-05 14:28:48,20170105,142848000,1483626528000000,1483626527999590,9.98,84,9.95,9.98,9.98,9.97,10.95,8.96,23745148,237566530.28,24037,10.04,9.92,61661,55020,9.99,3918,9.97,2560,10.0,5912,9.96,4835,10.01,5558,9.95,5205,10.02,4324,9.94,3855,10.03,5047,9.93,6661,10.04,1510,9.92,3104,10.05,9918,9.91,7018,10.06,7391,9.9,4547,10.07,8369,9.89,7978,10.08,9714,9.88,9257,0
000001,2017-01-05 14:29:16,20170105,142916000,1483626556000000,1483626556000019,9.98,84,9.95,9.98,9.99,9.98,10.95,8.96,23772215,237836695.52,24078,10.04,9.92,59298,56893,9.99,6682,9.97,3215,10.0,1031,9.96,5254,10.01,7256,9.95,9727,10.02,7796,9.94,1274,10.03,3045,9.93,6732,10.04,9121,9.92,2679,10.05,7398,9.91,9885,10.06,9513,9.9,8168,10.07,2232,9.89,4584,10.08,5224,9.88,5375,0
000001,2017-01-05 14:29:45,20170105,142945000,1483626585000000,1483626585000847,9.99,84,9.95,9.99,10.0,9.98,10.95,8.96,23809477,238208974.13,24171,10.03,9.94,42386,56661,10.0,7715,9.98,9615,10.01,7082,9.97,5570,10.02,4661,9.96,5246,10.03,4647,9.95,5192,10.04,7920,9.94,1858,10.05,2997,9.93,6782,10.06,1620,9.92,7358,10.07,2171,9.91,9861,10.08,2354,9.9,2867,10.09,1219,9.89,2312,0
000001,2017-01-05 14:30:14,20170105,143014000,1483626614000000,1483626613999720,9.99,84,9.95,9.99,9.99,9.98,10.95,8.96,23835038,238464326.85,24241,10.04,9.94,44870,56216,10.0,6742,9.98,9861,10.01,1473,9.97,7000,10.02,6657,9.96,1116,10.03,8939,9.95,8369,10.04,1183,9.94,3703,10.05,2195,9.93,1988,10.06,5533,9.92,3464,10.07,7673,9.91,8272,10.08,2163,9.9,5143,10.09,2312,9.89,7300,0
000001,2017-01-05 14:30:43,20170105,143043000,1483626643000000,1483626643000641,9.99,84,9.95,9.99,9.99,9.99,10.95,8.96,23864758,238761214.75,24266,10.04,9.93,65313,52662,10.0,3775,9.98,3961,10.01,9660,9.97,1509,10.02,8601,9.96,7740,10.03,9209,9.95,6832,10.04,2774,9.94,4892,10.05,7496,9.93,4180,10.06,7620,9.92,6369,10.07,2913,9.91,7915,10.08,6496,9.9,6036,10.09,6769,9.89,3228,0
000001,2017-01-05 14:31:12,20170105,143112000,1483626672000000,1483626671999025,9.98,84,9.95,9.98,9.98,9.97,10.95,8.96,23927598,239388381.25,24308,10.04,9.93,50519,53720,9.99,1014,9.97,8925,10.0,6968,9.96,7770,10.01,5384,9.95,5079,10.02,3306,9.94,1950,10.03,4712,9.93,3704,10.04,6180,9.92,3984,10.05,9726,9.91,5768,10.06,5542,9.9,5096,10.07,4345,9.89,7674,10.08,3342,9.88,3770,0
000001,2017-01-05 14:31:40,20170105,143140000,1483626700000000,1483626699999312,9.97,84,9.95,9.97,9.97,9.96,10.95,8.96,24001597,240126114.15,24387,10.02,9.91,58711,57350,9.98,8909,9.96,3325,9.99,9588,9.95,7903,10.0,4034,9.94,8168,10.01,5841,9.93,5604,10.02,6810,9.92,7029,10.03,5315,9.91,1908,10.04,4880,9.9,3849,10.05,3814,9.89,3227,10.06,1075,9.88,9376,10.07,8445,9.87,6961,0
000001,2017-01-05 14:32:09,20170105,143209000,1483626729000000,1483626728999897,9.94,84,9.95,9.94,9.94,9.93,10.95,8.96,24036009,240468047.88,24409,9.99,9.88,77878,61647,9.95,9100,9.93,7589,9.96,8339,9.92,9534,9.97,9523,9.91,7407,9.98,8623,9.9,5096,9.99,8245,9.89,5969,10.0,8080,9.88,2013,10.01,3795,9.87,2372,10.02,8489,9.86,7129,10.03,9265,9.85,6990,10.04,4419,9.84,7548,0
000001,2017-01-05 14:32:38,20170105,143238000,1483626758000000,1483626757999751,9.92,84,9.95,9.92,9.93,9.9,10.95,8.96,24098346,241086473.13,24496,9.97,9.86,63315,46661,9.93,7497,9.91,6335,9.94,3031,9.9,1478,9.95,9072,9.89,7021,9.96,9405,9.88,1515,9.97,9648,9.87,1604,9.98,5554,9.86,5247,9.99,2789,9.85,2847,10.0,4827,9.84,7981,10.01,9458,9.83,6896,10.02,2034,9.82,5737,0
000001,2017-01-05 14:33:07,20170105,143307000,1483626787000000,1483626786999834,9.9,84,9.95,9.9,9.91,9.89,10.95,8.96,24196759,242060761.96,24530,9.95,9.85,43636,59879,9.91,6448,9.89,9854,9.92,3447,9.88,9002,9.93,5346,9.87,1741,9.94,3363,9.86,5026,9.95,6272,9.85,6261,9.96,2308,9.84,9262,9.97,1786,9.83,6373,9.98,8343,9.82,2404,9.99,1065,9.81,6427,10.0,5258,9.8,3529,0
000001,2017-01-05 14:33:36,20170105,143336000,1483626816000000,1483626815999677,9.92,84,9.95,9.92,9.92,9.91,10.95,8.96,24278006,242866433.92,24612,9.97,9.85,62388,61508,9.93,6490,9.91,3156,9.94,8599,9.9,2821,9.95,8286,9.89,4476,9.96,1894,9.88,4991,9.97,6131,9.87,7820,9.98,3593,9.86,8607,9.99,7912,9.85,8159,10.0,8069,9.84,8473,10.01,1851,9.83,4883,10.02,9563,9.82,8122,0
000001,2017-01-05 14:34:04,20170105,143404000,1483626844000000,1483626843999934,9.9,84,9.95,9.9,9.9,9.9,10.95,8.96,24306344,243147054.14,24691,9.95,9.85,66132,60724,9.91,9993,9.89,9617,9.92,5581,9.88,3996,9.93,6925,9.87,5813,9.94,8096,9.86,5748,9.95,7023,9.85,6945,9.96,4699,9.84,8420,9.97,6369,9.83,1926,9.98,5973,9.82,3007,9.99,9305,9.81,7617,10.0,2168,9.8,7635,0
000001,2017-01-05 14:34:33,20170105,143433000,1483626873000000,1483626872999961,9.92,84,9.95,9.92,9.93,9.91,10.95,8.96,24345609,243536398.75,24726,9.97,9.85,56176,39804,9.93,6921,9.91,1510,9.94,4016,9.9,1936,9.95,7714,9.89,2689,9.96,7417,9.88,7116,9.97,1435,9.87,6400,9.98,1537,9.86,2127,9.99,7927,9.85,3179,10.0,7408,9.84,1228,10.01,3577,9.83,5632,10.02,8224,9.82,7987,0
000001,2017-01-05 14:35:02,20170105,143502000,1483626902000000,1483626901999483,9.93,84,9.95,9.93,9.93,9.9,10.95,8.96,24382727,243904916.26,24762,9.97,9.89,55442,51424,9.94,7443,9.92,8790,9.95,7434,9.91,8524,9.96,6801,9.9,7497,9.97,6396,9.89,2266,9.98,6694,9.88,5794,9.99,4355,9.87,7235,10.0,7023,9.86,3560,10.01,3293,9.85,3188,10.02,4881,9.84,3418,10.03,1122,9.83,1152,0
000001,2017-01-05 14:35:31,20170105,143531000,1483626931000000,1483626930999343,9.94,84,9.95,9.94,9.95,9.94,10.95,8.96,24417672,244252426.92,24790,10.0,9.9,80685,59023,9.95,8607,9.93,9262,9.96,4880,9.92,6977,9.97,8041,9.91,7261,9.98,9136,9.9,2879,9.99,7734,9.89,7831,10.0,7785,9.88,9754,10.01,9527,9.87,5179,10.02,9150,9.86,5362,10.03,9145,9.85,2843,10.04,6680,9.84,1675,0
000001,2017-01-05 14:36:00,20170105,143600000,1483626960000000,1483626960000619,9.97,84,9.95,9.97,9.98,9.97,10.95,8.96,24456017,244634780.39,24828,10.02,9.92,50529,54731,9.98,1875,9.96,1217,9.99,7678,9.95,9058,10.0,3785,9.94,6291,10.01,9948,9.93,7711,10.02,8062,9.92,7012,10.03,1798,9.91,6295,10.04,4039,9.9,1316,10.05,7273,9.89,1136,10.06,3786,9.88,6199,10.07,2285,9.87,8496,0
000001,2017-01-05 14:36:28,20170105,143628000,1483626988000000,1483626987999284,9.95,84,9.95,9.95,9.97,9.95,10.95,8.96,24521052,245281974.1,24841,10.01,9.9,36203,57094,9.96,1004,9.94,2735,9.97,4711,9.93,4660,9.98,5329,9.92,5029,9.99,4949,9.91,9141,10.0,1026,9.9,8845,10.01,4578,9.89,6366,10.02,4732,9.88,8431,10.03,5161,9.87,8021,10.04,2298,9.86,1000,10.05,2415,9.85,2866,0
000001,2017-01-05 14:36:57,20170105,143657000,1483627017000000,1483627016999515,9.97,84,9.95,9.97,9.97,9.96,10.95,8.96,24594685,246016251.04,24887,10.04,9.91,30086,49603,9.98,1303,9.96,2913,9.99,2734,9.95,2052,10.0,1009,9.94,9472,10.01,3808,9.93,3908,10.02,1597,9.92,5765,10.03,2718,9.91,3387,10.04,2327,9.9,3789,10.05,4940,9.89,7336,10.06,1158,9.88,7638,10.07,8492,9.87,3343,0
000001,2017-01-05 14:37:26,20170105,143726000,1483627046000000,1483627046000065,9.97,84,9.95,9.97,9.99,9.97,10.95,8.96,24649723,246565195.98,24898,10.03,9.92,62308,41091,9.98,1658,9.96,4151,9.99,9357,9.95,2751,10.0,6689,9.94,2625,10.01,3250,9.93,4884,10.02,2494,9.92,7508,10.03,5964,9.91,3153,10.04,9808,9.9,7834,10.05,6591,9.89,2008,10.06,9162,9.88,1298,10.07,7335,9.87,4879,0
000001,2017-01-05 14:37:55,20170105,143755000,1483627075000000,1483627074999991,9.99,84,9.95,9.99,10.0,9.97,10.95,8.96,24706081,247128156.73,24931,10.05,9.93,69068,59395,10.0,4488,9.98,6566,10.01,5353,9.97,5596,10.02,6862,9.96,3151,10.03,7357,9.95,6934,10.04,8876,9.94,8083,10.05,4935,9.93,7598,10.06,5492,9.92,2751,10.07,9497,9.91,5759,10.08,8674,9.9,5484,10.09,7534,9.89,7473,0
000001,2017-01-05 14:38:24,20170105,143824000,1483627104000000,1483627103999374,9.99,84,9.95,9.99,9.99,9.98,10.95,8.96,24728341,247350509.92,24997,10.04,9.94,54426,46554,10.0,7494,9.98,4830,10.01,5397,9.97,6871,10.02,4812,9.96,4093,10.03,8218,9.95,5199,10.04,5369,9.94,1367,10.05,5983,9.93,3376,10.06,4601,9.92,9969,10.07,2595,9.91,4371,10.08,5587,9.9,4704,10.09,4370,9.89,1774,0
000001,2017-01-05 14:38:52,20170105,143852000,1483627132000000,1483627132000275,9.99,84,9.95,9.99,9.99,9.99,10.95,8.96,24776699,247833721.92,25079,10.04,9.93,49480,44651,10.0,3960,9.98,2880,10.01,8887,9.97,3574,10.02,7161,9.96,1205,10.03,2394,9.95,7588,10.04,1371,9.94,5050,10.05,6350,9.93,3438,10.06,5654,9.92,4723,10.07,3150,9.91,9021,10.08,9251,9.9,1865,10.09,1302,9.89,5307,0
000001,2017-01-05 14:39:21,20170105,143921000,1483627161000000,1483627161000100,10.0,84,9.95,10.0,10.0,10.0,10.95,8.96,24815324,248219870.04,25157,10.05,9.94,57263,48572,10.01,4418,9.99,5399,10.02,5480,9.98,1555,10.03,7603,9.97,8352,10.04,7463,9.96,1630,10.05,1562,9.95,9329,10.06,4883,9.94,5386,10.07,6368,9.93,1090,10.08,8761,9.92,9571,10.09,2385,9.91,4859,10.1,8340,9.9,1401,0
000001,2017-01-05 14:39:50,20170105,143950000,1483627190000000,1483627189999865,10.0,84,9.95,10.0,10.01,9.99,10.95,8.96,24826632,248332938.43,25203,10.06,9.94,55753,54222,10.01,1022,9.99,3357,10.02,2251,9.98,8914,10.03,9576,9.97,1126,10.04,1501,9.96,4642,10.05,7416,9.95,9697,10.06,7211,9.94,4182,10.07,4446,9.93,5816,10.08,4902,9.92,6204,10.09,8834,9.91,6890,10.1,8594,9.9,3394,0
000001,2017-01-05 14:40:19,20170105,144019000,1483627219000000,1483627219000444,10.01,84,9.95,10.01,10.03,10.01,10.95,8.96,24925161,249319244.13,25275,10.07,9.96,61462,67603,10.02,2562,10.0,5489,10.03,6802,9.99,9164,10.04,8796,9.98,3482,10.05,1362,9.97,9167,10.06,7311,9.96,8031,10.07,1641,9.95,9150,10.08,8894,9.94,9062,10.09,5810,9.93,1367,10.1,9481,9.92,9392,10.11,8803,9.91,3299,0
000001,2017-01-05 14:40:48,20170105,144048000,1483627248000000,1483627248000619,10.01,84,9.95,10.01,10.02,10.01,10.95,8.96,24956303,249631063.33,25345,10.07,9.96,55638,40779,10.02,1564,10.0,8797,10.03,7911,9.99,3037,10.04,5899,9.98,3392,10.05,2899,9.97,3246,10.06,7210,9.96,4953,10.07,4654,9.95,1710,10.08,2691,9.94,2544,10.09,9479,9.93,1780,10.1,7648,9.92,1987,10.11,5683,9.91,9333,0
000001,2017-01-05 14:41:16,20170105,144116000,1483627276000000,1483627275999010,10.02,84,9.95,10.02,10.03,10.02,10.95,8.96,25034866,250418616.12,25407,10.08,9.97,58328,56925,10.03,7267,10.01,3717,10.04,4230,10.0,2081,10.05,6547,9.99,7246,10.06,6254,9.98,6550,10.07,8654,9.97,9038,10.08,4449,9.96,3607,10.09,8013,9.95,5381,10.1,3246,9.94,4867,10.11,7884,9.93,9562,10.12,1784,9.92,4876,0
000001,2017-01-05 14:41:45,20170105,144145000,1483627305000000,1483627305000265,10.05,84,9.95,10.05,10.06,10.03,10.95,8.96,25098978,251062882.97,25497,10.1,9.99,50973,39802,10.06,7010,10.04,3782,10.07,1927,10.03,3557,10.08,5506,10.02,3131,10.09,1545,10.01,3560,10.1,5813,10.0,1919,10.11,6508,9.99,3467,10.12,9926,9.98,2534,10.13,7435,9.97,6260,10.14,1796,9.96,7274,10.15,3507,9.95,4318,0
000001,2017-01-05 14:42:14,20170105,144214000,1483627334000000,1483627333999139,10.05,84,9.95,10.05,10.05,10.05,10.95,8.96,25172222,251799171.18,25582,10.1,10.0,61612,59963,10.06,5504,10.04,9486,10.07,7447,10.03,4374,10.08,7754,10.02,7955,10.09,9062,10.01,3245,10.1,9913,10.0,1777,10.11,5034,9.99,6474,10.12,5579,9.98,9428,10.13,4788,9.97,5212,10.14,1184,9.96,2211,10.15,5347,9.95,9801,0
000001,2017-01-05 14:42:43,20170105,144243000,1483627363000000,1483627362999885,10.06,84,9.95,10.06,10.06,10.05,10.95,8.96,25255573,252637468.3,25644,10.11,10.0,49432,45626,10.07,9750,10.05,7535,10.08,4970,10.04,6305,10.09,6291,10.03,4197,10.1,3696,10.02,2662,10.11,3931,10.01,4993,10.12,3848,10.0,1124,10.13,2330,9.99,2572,10.14,7271,9.98,5019,10.15,2619,9.97,4572,10.16,4726,9.96,6647,0
000001,2017-01-05 14:43:12,20170105,144312000,1483627392000000,1483627391999090,10.04,84,9.95,10.04,10.04,10.03,10.95,8.96,25275178,252834220.24,25731,10.09,9.98,53316,64498,10.05,2997,10.03,4386,10.06,9947,10.02,6174,10.07,1139,10.01,7844,10.08,3817,10.0,8557,10.09,7590,9.99,4792,10.1,6566,9.98,1232,10.11,9041,9.97,6984,10.12,6583,9.96,8074,10.13,1603,9.95,9839,10.14,4033,9.94,6616,0
000001,2017-01-05 14:43:40,20170105,144340000,1483627420000000,1483627420000507,10.02,84,9.95,10.02,10.02,10.01,10.95,8.96,25345032,253534151.52,25773,10.06,9.96,63048,64051,10.03,7580,10.01,8727,10.04,9435,10.0,1249,10.05,9476,9.99,2691,10.06,9663,9.98,7631,10.07,8502,9.97,6779,10.08,1663,9.96,6663,10.09,7949,9.95,9149,10.1,1491,9.94,4511,10.11,2470,9.93,9504,10.12,4819,9.92,7147,0
000001,2017-01-05 14:44:09,20170105,144409000,1483627449000000,1483627449000525,10.03,84,9.95,10.03,10.03,10.02,10.95,8.96,25392500,254010064.77,25872,10.08,9.98,53467,49282,10.04,5980,10.02,9269,10.05,3603,10.01,8610,10.06,2563,10.0,4582,10.07,8750,9.99,2240,10.08,5192,9.98,1606,10.09,8436,9.97,2374,10.1,7300,9.96,5562,10.11,1300,9.95,2300,10.12,8121,9.94,7813,10.13,2222,9.93,4926,0
000001,2017-01-05 14:44:38,20170105,144438000,1483627478000000,1483627478000421,10.05,84,9.95,10.05,10.06,10.04,10.95,8.96,25422390,254310457.3,25904,10.11,10.0,51047,37844,10.06,4333,10.04,9181,10.07,4688,10.03,3764,10.08,1147,10.02,1747,10.09,8655,10.01,2436,10.1,5463,10.0,3288,10.11,2222,9.99,4456,10.12,9965,9.98,4519,10.13,5302,9.97,3637,10.14,4577,9.96,2434,10.15,4695,9.95,2382,0
000001,2017-01-05 14:45:07,20170105,144507000,1483627507000000,1483627506999900,10.05,84,9.95,10.05,10.06,10.05,10.95,8.96,25499553,255086217.75,25919,10.11,10.0,61609,64209,10.06,8517,10.04,9886,10.07,1181,10.03,9226,10.08,9510,10.02,3426,10.09,7241,10.01,3395,10.1,9621,10.0,6804,10.11,5250,9.99,7414,10.12,4292,9.98,7289,10.13,1691,9.97,7331,10.14,9800,9.96,4881,10.15,4506,9.95,4557,0
000001,2017-01-05 14:45:36,20170105,144536000,1483627536000000,1483627536000312,10.05,84,9.95,10.05,10.06,10.05,10.95,8.96,25575641,255850934.24,25942,10.11,10.0,53873,47774,10.06,6874,10.04,7401,10.07,1805,10.03,8044,10.08,3071,10.02,1437,10.09,7792,10.01,2814,10.1,2322,10.0,3467,10.11,6428,9.99,3228,10.12,6446,9.98,3475,10.13,8961,9.97,8259,10.14,5944,9.96,6981,10.15,4230,9.95,2668,0
000001,2017-01-05 14:46:04,20170105,144604000,1483627564000000,1483627563999749,10.05,84,9.95,10.05,10.06,10.05,10.95,8.96,25591366,256009006.1,26022,10.11,10.0,59346,61893,10.06,1812,10.04,9076,10.07,8269,10.03,5732,10.08,1409,10.02,2916,10.09,8769,10.01,2984,10.1,5653,10.0,8895,10.11,8671,9.99,4197,10.12,6676,9.98,9516,10.13,5559,9.97,8195,10.14,9420,9.96,8592,10.15,3108,9.95,1790,0
000001,2017-01-05 14:46:33,20170105,144633000,1483627593000000,1483627593000343,10.07,84,9.95,10.07,10.07,10.05,10.95,8.96,25687393,256975536.5,26092,10.13,10.02,50320,59864,10.08,4017,10.06,9248,10.09,2473,10.05,8853,10.1,1255,10.04,1997,10.11,4570,10.03,9965,10.12,8499,10.02,6672,10.13,5925,10.01,4623,10.14,5967,10.0,6800,10.15,8936,9.99,2298,10.16,6777,9.98,6504,10.17,1901,9.97,2904,0
000001,2017-01-05 14:47:02,20170105,144702000,1483627622000000,1483627621999696,10.08,84,9.95,10.08,10.09,10.07,10.95,8.96,25767913,257787172.88,26106,10.13,10.03,52891,50992,10.09,7659,10.07,8179,10.1,1144,10.06,7450,10.11,4919,10.05,1005,10.12,9699,10.04,8332,10.13,9770,10.03,9427,10.14,9951,10.02,3589,10.15,2217,10.01,5351,10.16,3785,10.0,2521,10.17,2484,9.99,1786,10.18,1263,9.98,3352,0
000001,2017-01-05 14:47:31,20170105,144731000,1483627651000000,1483627651000196,10.08,84,9.95,10.08,10.08,10.07,10.95,8.96,25835405,258467361.07,26128,10.14,10.02,59011,64638,10.09,5772,10.07,4799,10.1,6931,10.06,4096,10.11,3679,10.05,9871,10.12,3032,10.04,8452,10.13,3188,10.03,9962,10.14,8345,10.02,9567,10.15,2475,10.01,1682,10.16,8557,10.0,2301,10.17,9640,9.99,9369,10.18,7392,9.98,4539,0
000001,2017-01-05 14:48:00,20170105,144800000,1483627680000000,1483627680000112,10.04,84,9.95,10.04,10.04,10.04,10.95,8.96,25934220,259459555.7,26192,10.09,9.98,63436,54590,10.05,8958,10.03,8306,10.06,6995,10.02,2278,10.07,5443,10.01,1788,10.08,9930,10.0,7654,10.09,4690,9.99,8749,10.1,6112,9.98,2035,10.11,8864,9.97,4050,10.12,1586,9.96,8873,10.13,3345,9.95,6054,10.14,7513,9.94,4803,0
000001,2017-01-05 14:48:28,20170105,144828000,1483627708000000,1483627707999355,10.03,84,9.95,10.03,10.03,10.03,10.95,8.96,25991191,260030891.51,26277,10.08,9.98,64846,57156,10.04,5662,10.02,1222,10.05,8526,10.01,9978,10.06,1773,10.0,5581,10.07,7499,9.99,9741,10.08,9258,9.98,5925,10.09,7431,9.97,4801,10.1,8271,9.96,3247,10.11,8661,9.95,5081,10.12,1155,9.94,9102,10.13,6610,9.93,2478,0
000001,2017-01-05 14:48:57,20170105,144857000,1483627737000000,1483627736999224,10.05,84,9.95,10.05,10.05,10.04,10.95,8.96,26036824,260489428.41,26302,10.1,10.0,60526,64869,10.06,3868,10.04,7740,10.07,8155,10.03,9641,10.08,4002,10.02,2555,10.09,6975,10.01,3175,10.1,6075,10.0,7927,10.11,9876,9.99,9453,10.12,9472,9.98,9862,10.13,1809,9.97,7448,10.14,2871,9.96,4194,10.15,7423,9.95,2874,0
000001,2017-01-05 14:49:26,20170105,144926000,1483627766000000,1483627766000892,10.03,84,9.95,10.03,10.04,10.03,10.95,8.96,26109758,261221204.38,26368,10.08,9.98,50346,38372,10.04,6185,10.02,2101,10.05,5000,10.01,7143,10.06,9691,10.0,1602,10.07,6124,9.99,1681,10.08,3536,9.98,3502,10.09,1137,9.97,5536,10.1,3568,9.96,7358,10.11,4280,9.95,1868,10.12,2648,9.94,1316,10.13,8177,9.93,6265,0
000001,2017-01-05 14:49:55,20170105,144955000,1483627795000000,1483627794999864,10.04,84,9.95,10.04,10.05,10.03,10.95,8.96,26146826,261593464.19,26415,10.1,9.98,63940,60362,10.05,7876,10.03,6664,10.06,6609,10.02,2146,10.07,6124,10.01,8399,10.08,7928,10.0,3173,10.09,2806,9.99,5791,10.1,5349,9.98,1439,10.11,7069,9.97,8277,10.12,8247,9.96,9986,10.13,4785,9.95,5739,10.14,7147,9.94,8748,0
000001,2017-01-05 14:50:24,20170105,145024000,1483627824000000,1483627823999657,10.04,84,9.95,10.04,10.05,10.04,10.95,8.96,26214119,262269139.16,26433,10.1,9.99,61621,47055,10.05,7601,10.03,3272,10.06,2143,10.02,9473,10.07,1830,10.01,4886,10.08,2041,10.0,1240,10.09,9890,9.99,7068,10.1,4349,9.98,3917,10.11,9078,9.97,1524,10.12,8144,9.96,3187,10.13,9786,9.95,7285,10.14,6759,9.94,5203,0
000001,2017-01-05 14:50:52,20170105,145052000,1483627852000000,1483627852000002,10.05,84,9.95,10.05,10.05,10.04,10.95,8.96,26294251,263074694.64,26484,10.1,10.0,45181,63955,10.06,1406,10.04,7306,10.07,7700,10.03,5901,10.08,3058,10.02,7327,10.09,9495,10.01,3932,10.1,7062,10.0,9211,10.11,1134,9.99,5336,10.12,1367,9.98,8687,10.13,9532,9.97,4756,10.14,1838,9.96,6791,10.15,2589,9.95,4708,0
000001,2017-01-05 14:51:21,20170105,145121000,1483627881000000,1483627880999892,10.05,84,9.95,10.05,10.05,10.05,10.95,8.96,26328335,263417395.11,26519,10.11,10.0,59640,73924,10.06,6168,10.04,8657,10.07,9791,10.03,5098,10.08,4487,10.02,8697,10.09,8216,10.01,9954,10.1,1056,10.0,9634,10.11,7727,9.99,8519,10.12,9484,9.98,9204,10.13,4324,9.97,7728,10.14,2718,9.96,5091,10.15,5669,9.95,1342,0
000001,2017-01-05 14:51:50,20170105,145150000,1483627910000000,1483627909999445,10.06,84,9.95,10.06,10.06,10.05,10.95,8.96,26425923,264398803.15,26549,10.12,10.01,56119,50212,10.07,2946,10.05,5458,10.08,3184,10.04,3232,10.09,2248,10.03,8138,10.1,4374,10.02,5978,10.11,9030,10.01,9056,10.12,7773,10.0,3662,10.13,4898,9.99,3018,10.14,7868,9.98,3608,10.15,8611,9.97,4873,10.16,5187,9.96,3189,0
000001,2017-01-05 14:52:19,20170105,145219000,1483627939000000,1483627938999888,10.01,84,9.95,10.01,10.03,10.0,10.95,8.96,26511381,265254380.45,26643,10.07,9.95,41929,54206,10.02,5166,10.0,2006,10.03,4461,9.99,9314,10.04,3237,9.98,2581,10.05,5809,9.97,8466,10.06,1437,9.96,3341,10.07,1443,9.95,4494,10.08,6875,9.94,7168,10.09,3517,9.93,4023,10.1,6329,9.92,3097,10.11,3655,9.91,9716,0
000001,2017-01-05 14:52:48,20170105,145248000,1483627968000000,1483627968000494,10.03,84,9.95,10.03,10.03,10.02,10.95,8.96,26568491,265827093.49,26708,10.08,9.97,48760,55721,10.04,8519,10.02,4953,10.05,5225,10.01,4524,10.06,3733,10.0,5518,10.07,2297,9.99,4635,10.08,3078,9.98,7939,10.09,4655,9.97,6137,10.1,4597,9.96,7580,10.11,6276,9.95,2649,10.12,4959,9.94,8763,10.13,5421,9.93,3023,0
000001,2017-01-05 14:53:16,20170105,145316000,1483627996000000,1483627995999677,10.05,84,9.95,10.05,10.06,10.04,10.95,8.96,26611947,266263680.43,26737,10.1,9.99,63286,67490,10.06,9489,10.04,8846,10.07,2309,10.03,8192,10.08,8891,10.02,2204,10.09,2632,10.01,6490,10.1,7202,10.0,3533,10.11,6522,9.99,8571,10.12,9568,9.98,9406,10.13,6533,9.97,5230,10.14,2742,9.96,8216,10.15,7398,9.95,6802,0
000001,2017-01-05 14:53:45,20170105,145345000,1483628025000000,1483628024999666,10.03,84,9.95,10.03,10.04,10.03,10.95,8.96,26699579,267142808.81,26765,10.08,9.98,55615,54562,10.04,8685,10.02,1786,10.05,7068,10.01,9487,10.06,5759,10.0,5559,10.07,9986,9.99,5269,10.08,7280,9.98,5595,10.09,1012,9.97,7410,10.1,1670,9.96,6377,10.11,2156,9.95,4168,10.12,7957,9.94,3386,10.13,4042,9.93,5525,0
000001,2017-01-05 14:54:14,20170105,145414000,1483628054000000,1483628053999165,10.1,84,9.95,10.1,10.11,10.09,10.95,8.96,26764068,267794099.46,26775,10.16,10.05,67824,35841,10.11,8674,10.09,7196,10.12,1289,10.08,5155,10.13,6900,10.07,3106,10.14,8130,10.06,2503,10.15,6593,10.05,1179,10.16,8602,10.04,2940,10.17,8191,10.03,1695,10.18,7469,10.02,2337,10.19,3306,10.01,4921,10.2,8670,10.0,4809,0
000001,2017-01-05 14:54:43,20170105,145443000,1483628083000000,1483628082999974,10.1,84,9.95,10.1,10.1,10.09,10.95,8.96,26854936,268711495.36,26805,10.15,10.04,44601,66404,10.11,6450,10.09,2018,10.12,4633,10.08,9333,10.13,2771,10.07,5340,10.14,5732,10.06,7945,10.15,3208,10.05,9852,10.16,4119,10.04,4587,10.17,1753,10.03,5815,10.18,8928,10.02,7180,10.19,2993,10.01,5896,10.2,4014,10.0,8438,0
000001,2017-01-05 14:55:12,20170105,145512000,1483628112000000,1483628112000851,10.09,84,9.95,10.09,10.1,10.09,10.95,8.96,26872535,268889126.04,26899,10.14,10.04,41755,65052,10.1,3661,10.08,8076,10.11,2227,10.07,4535,10.12,7005,10.06,5627,10.13,5866,10.05,6191,10.14,9091,10.04,4266,10.15,3600,10.03,9965,10.16,2077,10.02,7523,10.17,2515,10.01,8438,10.18,2542,10.0,9286,10.19,3171,9.99,1145,0
000001,2017-01-05 14:55:40,20170105,145540000,1483628140000000,1483628139999790,10.09,84,9.95,10.09,10.09,10.08,10.95,8.96,26957738,269748476.75,26928,10.14,10.03,63711,63561,10.1,6471,10.08,4786,10.11,3075,10.07,6744,10.12,9587,10.06,3698,10.13,5296,10.05,9507,10.14,5645,10.04,2443,10.15,2460,10.03,9106,10.16,7388,10.02,6628,10.17,8857,10.01,7378,10.18,7593,10.0,5889,10.19,7339,9.99,7382,0
000001,2017-01-05 14:56:09,20170105,145609000,1483628169000000,1483628168999940,10.08,84,9.95,10.08,10.08,10.08,10.95,8.96,26972261,269894890.92,26947,10.13,10.02,52600,55999,10.09,3807,10.07,1439,10.1,6861,10.06,6233,10.11,5911,10.05,3049,10.12,5863,10.04,4018,10.13,8298,10.03,3873,10.14,2459,10.02,7609,10.15,2352,10.01,4377,10.16,9296,10.0,8393,10.17,4146,9.99,8226,10.18,3607,9.98,8782,0
000001,2017-01-05 14:56:38,20170105,145638000,1483628198000000,1483628198000653,10.09,84,9.95,10.09,10.11,10.07,10.95,8.96,26999209,270166824.67,27015,10.15,10.03,58734,71910,10.1,6814,10.08,6282,10.11,3568,10.07,6761,10.12,8075,10.06,6301,10.13,9003,10.05,2136,10.14,2048,10.04,8052,10.15,9161,10.03,4750,10.16,2178,10.02,8993,10.17,2062,10.01,9680,10.18,8595,10.0,9220,10.19,7230,9.99,9735,0
000001,2017-01-05 14:57:07,20170105,145707000,1483628227000000,1483628227000010,10.11,84,9.95,10.11,10.12,10.11,10.95,8.96,27044266,270622387.97,27048,10.17,10.06,40888,69865,10.12,3308,10.1,7070,10.13,7377,10.09,6230,10.14,2384,10.08,8234,10.15,3261,10.07,9898,10.16,2350,10.06,4171,10.17,6817,10.05,5041,10.18,3314,10.04,8523,10.19,1888,10.03,5879,10.2,3592,10.02,5222,10.21,6597,10.01,9597,0
000001,2017-01-05 14:57:36,20170105,145736000,1483628256000000,1483628255999903,10.08,84,9.95,10.08,10.08,10.07,10.95,8.96,27059035,270771198.82,27103,10.12,10.02,48659,47385,10.09,9364,10.07,1943,10.1,6504,10.06,2925,10.11,6638,10.05,3320,10.12,4480,10.04,6891,10.13,2192,10.03,6877,10.14,1234,10.02,7611,10.15,8715,10.01,4090,10.16,1810,10.0,3982,10.17,2902,9.99,2477,10.18,4820,9.98,7269,0
000001,2017-01-05 14:58:04,20170105,145804000,1483628284000000,1483628283999114,10.07,84,9.95,10.07,10.08,10.04,10.95,8.96,27139960,271585918.89,27193,10.12,10.01,55610,53446,10.08,9114,10.06,3623,10.09,2745,10.05,4060,10.1,4370,10.04,7558,10.11,7066,10.03,5097,10.12,4918,10.02,9297,10.13,3932,10.01,2877,10.14,9765,10.0,9149,10.15,5487,9.99,2004,10.16,6696,9.98,5734,10.17,1517,9.97,4047,0
000001,2017-01-05 14:58:33,20170105,145833000,1483628313000000,1483628312999040,10.03,84,9.95,10.03,10.04,10.02,10.95,8.96,27189420,272082216.46,27268,10.09,9.98,52855,54615,10.04,5460,10.02,9783,10.05,2304,10.01,1340,10.06,9104,10.0,7243,10.07,2823,9.99,6775,10.08,9592,9.98,8807,10.09,4701,9.97,1681,10.1,6578,9.96,3211,10.11,1016,9.95,5478,10.12,3571,9.94,8482,10.13,7706,9.93,1815,0
000001,2017-01-05 14:59:02,20170105,145902000,1483628342000000,1483628342000230,10.02,84,9.95,10.02,10.03,10.01,10.95,8.96,27223878,272427651.89,27290,10.08,9.96,42805,58101,10.03,1170,10.01,1196,10.04,4740,10.0,3436,10.05,4661,9.99,6246,10.06,7139,9.98,8436,10.07,4143,9.97,4632,10.08,5831,9.96,7714,10.09,3624,9.95,6305,10.1,3407,9.94,4938,10.11,6476,9.93,8971,10.12,1614,9.92,6227,0
000001,2017-01-05 14:59:31,20170105,145931000,1483628371000000,1483628370999196,10.04,84,9.95,10.04,10.05,10.02,10.95,8.96,27289666,273087859.55,27305,10.09,9.98,47697,74969,10.05,2743,10.03,2549,10.06,4198,10.02,8791,10.07,5075,10.01,9968,10.08,7351,10.0,9677,10.09,6808,9.99,9271,10.1,1903,9.98,7310,10.11,5833,9.97,7156,10.12,3700,9.96,5234,10.13,6250,9.95,9595,10.14,3836,9.94,5418,0
